SMILES,logKow_EPISuite
O=C(O)C(F)(F)C(F)(F)C(F)(F)F,2.14
O=C(O)C(F)(F)C(F)(F)C(F)(F)C(F)(F)F,2.81
O=C(O)C(F)(F)C(F)(F)C(F)(F)C(F)(F)C(F)(F)F,3.48
O=C(O)C(F)(F)C(F)(F)C(F)(F)C(F)(F)C(F)(F)C(F)(F)F,4.15
O=C(O)C(F)(F)C(F)(F)C(F)(F)C(F)(F)C(F)(F)C(F)(F)C(F)(F)C(F)(F)F,5.48
O=C(O)C(F)(F)C(F)(F)C(F)(F)C(F)(F)C(F)(F)C(F)(F)C(F)(F)C(F)(F)C(F)(F)F,6.15
OC(=O)C(F)(F)C(F)(F)C(F)(F)C(F)(F)C(F)(F)C(F)(F)C(F)(F)C(F)(F)C(F)(F)C(F)(F)F,6.82
FC(F)(C(F)(F)C(F)(F)C(F)(F)C(F)(F)C(F)(F)C(F)(F)C(F)(F)F)S(=O)(=O)NCC,6.76
C(C(=O)O)NS(=O)(=O)C(C(C(C(C(C(C(C(F)(F)F)(F)F)(F)F)(F)F)(F)F)(F)F)(F)F)(F)F,5.52
FC(F)(C(F)(F)C(F)(F)C(F)(F)C(F)(F)C(F)(F)C(F)(F)C(F)(F)F)S(=O)(=O)N(C)CC(O)=O,5.73
FC(F)(C(F)(F)C(F)(F)C(F)(F)C(F)(F)C(F)(F)C(F)(F)C(F)(F)F)S(=O)(=O)N(CC(O)=O)CC,6.22
FC(F)(CCOP(=O)(OCCC(F)(F)C(F)(F)C(F)(F)C(F)(F)C(F)(F)C(F)(F)F)O)C(F)(F)C(F)(F)C(F)(F)C(F)(F)C(F)(F)F,9.42
FC(F)(CCOP(=O)(OCCC(F)(F)C(F)(F)C(F)(F)C(F)(F)C(F)(F)C(F)(F)C(F)(F)C(F)(F)F)O)C(F)(F)C(F)(F)C(F)(F)C(F)(F)C(F)(F)C(F)(F)C(F)(F)F,12.1
O=P(O)(OCCC(F)(F)C(F)(F)C(F)(F)C(F)(F)C(F)(F)C(F)(F)F)O,4.33
O=P(O)(OCCC(F)(F)C(F)(F)C(F)(F)C(F)(F)C(F)(F)C(F)(F)C(F)(F)C(F)(F)F)O,5.66
NC(=O)c1nc(-c2ccccc2)n(n1)-c1ccc(Cl)c(COCC(F)(F)C(F)(F)F)c1,4.45
FC(F)(F)C(=O)C(F)(C(F)(F)F)C(F)(F)F,1.82
Cc1cc(ccc1NC(=O)c1ccccc1C(=O)NC(C)(C)CS(C)=O)C(F)(C(F)(F)F)C(F)(F)F,3.39
FC(C(F)(F)F)C(F)(F)Oc1cc(Cl)c(NC(=O)NC(=O)c2c(F)cccc2F)cc1Cl,6.61
FC(F)(F)C(F)(F)C(F)(F)N(C(F)(F)C(F)(F)C(F)(F)F)C(F)(F)C(F)(F)C(F)(F)F,6.19
OC(=O)C(F)(F)C(F)(F)F,1.47
OC(=O)C(F)(OC(F)(F)C(F)(OC(F)(F)C(F)(F)C(F)(F)F)C(F)(F)F)C(F)(F)F,5.55
FC1(F)OC(F)(F)C(F)(F)C1(F)F,2.87
FC(F)(F)C1(F)OC1(F)F,1.72
COC(F)(F)C(C(F)(F)F)C(F)(F)F,3.32
FC(F)C(F)(F)C(F)(F)C(F)(F)C(F)(F)C(F)(F)C(F)(F)C(F)(F)F,5.56
FC(F)(F)C(F)(F)I,2.97
OC(=O)CCC(F)(F)C(F)(F)C(F)(F)C(F)(F)C(F)(F)C(F)(F)C(F)(F)C(F)(F)F,6.47
FC(F)(I)C(F)(F)C(F)(F)C(F)(F)C=C,5.22
OC(=O)C(F)(F)C(F)(F)OC(F)(F)F,2.28
[H][N]([H])([H])([H])OC(=O)C(F)(F)C(F)(F)C(F)(F)C(F)(F)C(F)(F)C(F)(F)C(F)(F)F,3.37
FC(F)(F)C(F)(F)C(Cl)Cl,3.14
FC(=O)C(F)(OC(F)(F)C(F)(F)C(F)(F)F)C(F)(F)F,2.49
C[N](C)(O)CCCNS(=O)(=O)C(F)(F)C(F)(F)C(F)(F)C(F)(F)F,0.72
FC(F)(F)C(F)(F)F,2.15
FC(F)(F)C(F)(F)C(F)(F)C(F)(F)C(F)(F)C(F)(F)C(F)(F)C(F)(F)C(F)(F)C(F)(F)C(F)(F)F,8.18
FC1(F)C2(F)C(F)(C3(F)C1(F)C(F)(F)C(F)(F)C(F)(F)C3(F)F)C(F)(F)C(F)(F)C(F)(F)C2(F)F,6.49
FC(OC(F)(F)C(F)(OC(F)(F)C(F)(F)C(F)(F)F)C(F)(F)F)C(F)(F)F,5.63
OCCC(F)(F)C(F)(F)F,1.73
COC(=O)C(F)(F)C(F)(F)OC(F)(C(F)(F)F)C(F)(F)OC(F)(C(F)=O)C(F)(F)F,3.61
OS(=O)(=O)C(F)(F)C(F)(F)C(F)(F)F,1.15
FC(F)C(F)(F)C(F)(F)C(F)(F)C(F)(F)C(F)(F)F,4.22
FC1(F)COC1(F)F,1.95
OC(F)(F)C(F)(F)C(F)(F)C(F)(F)F,2.09
FC(F)(F)C(F)(C#N)C(F)(F)F,2.2
FC(F)(F)C(F)(F)C(F)(F)C(F)(F)F,3.49
COC(=O)C(F)(F)C(F)(F)C(F)(F)OC(F)=C(F)F,2.65
OC(=O)CCC(F)(F)C(F)(F)C(F)(F)F,3.12
CC(C)(CS(O)(=O)=O)NC(=O)CCSCCC(F)(F)C(F)(F)F,0.39
Cc1cc(ccc1NC(=O)c1cccc(I)c1C(O)=NC(C)(C)CS(C)(=O)=O)C(F)(C(F)(F)F)C(F)(F)F,5.58
COC(=O)CC(C)(C)C(Cl)CC(Cl)(Cl)C(F)(F)F,5.4
[H][N]([H])([H])([H])OC(=O)C(F)(F)C(F)(F)C(F)(F)C(F)(F)C(F)(F)F,2.04
FC(F)(F)C(F)(F)CCS,3.14
FC(F)=C(F)OC(F)(F)C(F)(F)C(F)(F)C(F)(F)C(F)(F)C#N,3.47
FC(F)=C(F)OC(F)(F)C(F)(F)C(F)(F)OC(F)=C(F)F,3.28
FC(F)(F)C(F)(F)C(F)(F)C(F)(F)C(F)(F)F,4.16
FC(F)(F)C(F)(F)C(F)(F)C(F)(C(F)(F)F)C(F)(F)F,5.02
FC(F)(F)C(F)(F)C(F)(F)C(F)(F)CC(F)(F)C(F)(F)C(F)(F)CCS,7.57
FC(F)(F)C(F)(F)C(F)(F)CCI,4.62
FC(=O)C(F)(OC(F)(F)C(F)(OC(F)(F)C(F)(F)C(F)(F)F)C(F)(F)F)C(F)(F)F,4.68
Oc1cc(ccc1NC(=O)C(F)(F)C(F)(F)C(F)(F)F)N(=O)=O,4.42
FC(F)(F)C(F)(F)C(F)(F)OC(F)(C(F)(F)F)C(F)(F)OC(F)(C(F)(F)F)C(F)(F)OC(F)(C(F)(F)F)C(F)(OC(F)(F)C(F)(F)C(F)(F)F)C(F)(F)F,12.26
OP(O)(=O)OCC(COP(O)(O)=O)(CSCCC(F)(F)C(F)(F)C(F)(F)C(F)(F)C(F)(F)C(F)(F)F)CSCCC(F)(F)C(F)(F)C(F)(F)C(F)(F)C(F)(F)C(F)(F)F,9.85
OP(O)(=O)OCC(COP(O)(O)=O)(CSCCC(F)(F)C(F)(F)C(F)(F)C(F)(F)F)CSCCC(F)(F)C(F)(F)C(F)(F)C(F)(F)F,7.17
FC(F)(F)C(F)(Br)C(F)(F)Br,3.93
FC(F)(F)C(F)(F)C(F)(F)C(F)(F)CCS,4.48
C[N](C)(CCCNS(=O)(=O)C(F)(F)C(F)(F)C(F)(F)C(F)(F)F)CCC(O)=O,0.55
FC(F)(F)C(F)(F)C(=O)C(F)(C(F)(F)F)C(F)(F)F,2.79
CCCC(F)(F)C(F)(F)C(F)(F)CCCOC(CCl)COC(=O)c1cc(C(O)=O)c(cc1C(=O)OCC(O)CCl)C(=O)OCC(O)CCl,6.29
CN(C)CCCNS(=O)(=O)CCC(F)(F)C(F)(F)C(F)(F)C(F)(F)C(F)(F)C(F)(F)F,4.62
FC(F)C(F)(F)C(F)(F)C(F)(F)F,2.89
FC1CC(F)(F)C(F)(F)C1(F)F,3.45
FC(F)(F)C1(F)C(F)(F)C(F)(F)C1(F)C(F)(F)F,4.62
FC(F)(F)C(F)(F)C(F)(F)F,2.82
FC(F)(F)C(F)(F)C(F)(F)OC(F)(C(F)(F)F)C(F)(F)OC(F)(C(F)(F)F)C(F)(OC(F)(F)C(F)(OC(F)(F)C(F)(F)C(F)(F)F)C(F)(F)F)C(F)(F)F,12.26
CC(CCN(CCO)CCO)(SCCC(F)(F)C(F)(F)C(F)(F)C(F)(F)C(F)(F)C(F)(F)F)SCCC(F)(F)C(F)(F)C(F)(F)C(F)(F)C(F)(F)C(F)(F)F,11.61
CC(COCCOC(C)COCC(C)NS(=O)(=O)C(F)(F)C(F)(F)C(F)(F)C(F)(F)F)NS(=O)(=O)C(F)(F)C(F)(F)C(F)(F)C(F)(F)F,7.27
FC(F)=C(F)OC(F)(F)C(F)(OC(F)(F)C(F)(F)S(F)(=O)=O)C(F)(F)F,6.24
CCCCC(Oc1ccc(cc1C(C)(C)CC)C(C)(C)CC)C(=O)Nc1ccc(NC(=O)C(F)(F)C(F)(F)C(F)(F)F)c(O)c1,10.83
OCCNP(=O)(OC(F)(F)C(F)(F)C(F)(F)C(F)(F)C(F)(F)C(F)(F)C(F)(F)C(F)(F)F)OC(F)(F)C(F)(F)C(F)(F)C(F)(F)C(F)(F)C(F)(F)C(F)(F)C(F)(F)F,9.9
FC(F)(F)C1(F)C(F)(F)C(F)(F)C(F)(F)C(F)(F)C1(F)S(F)(=O)=O,5.73
CN(CCO)S(=O)(=O)C(F)(F)C(F)(F)C(F)(F)C(F)(F)F,2.83
FC(F)(F)C(F)(F)C(F)(F)C(F)(F)C(F)(F)C(F)(F)N(C(F)(F)C(F)(F)C(F)(F)C(F)(F)C(F)(F)C(F)(F)F)C(F)(F)C(F)(F)C(F)(F)C(F)(F)C(F)(F)C(F)(F)F,12.21
CCOC(F)(F)C(F)(C(F)(F)F)C(F)(F)F,3.72
OC(=O)C(F)(F)C(F)(F)C(F)(F)C(F)(F)C(F)(F)C(F)(F)C(F)(F)C(F)(F)C(F)(F)C(F)(F)C(F)(F)C(F)(F)C(F)(F)C(F)(F)C(F)(F)C(F)(F)C(F)(F)C(F)(F)F,12.17
CCC(F)(F)C(F)(F)C(F)(F)C(F)(F)C(F)(F)C(F)(F)F,5.87
FC(F)(F)C(F)(F)C(F)(F)C(F)(F)C(F)(F)C(F)(F)CCOC(=O)C=C,5.77
FC(=O)C(F)(F)C(F)(F)F,0.6
FC(F)(F)N1C(F)(F)C(F)(F)OC(F)(F)C1(F)F,3.07
FC(F)(F)C(F)(F)C(F)(F)C(F)(F)C=C,4.4
FC(F)(F)C(F)(F)C(F)(F)C(F)(F)C(F)(F)C(F)(F)CCS(Cl)(=O)=O,6.31
FC(F)=C,1.24
FC1(F)C(F)(F)C(F)(F)C2(F)C(F)(C1(F)F)C(F)(F)C(F)(F)C1(F)C(F)(F)C(F)(F)C(F)(F)C(F)(F)C21F,7.45
CN(CCOC(=O)C=C)S(=O)(=O)C(F)(F)C(F)(F)C(F)(F)C(F)(F)F,4.19
FC(=O)C(F)(F)C(F)(F)C(F)(F)C(F)(F)F,1.93
OC(=O)CCC(F)(F)C(F)(F)C(F)(F)C(F)(F)C(F)(F)C(F)(F)C(F)(F)F,5.8
[O-][N+](=O)c1cc(Cl)c(OC(F)(F)C(F)C(F)(F)F)cc1Cl,5.47
FC(=O)C(F)(OC(F)(F)C(F)(OC(F)(F)C(F)(F)S(F)(=O)=O)C(F)(F)F)C(F)(F)F,5.68
COC(=O)C(F)(F)C(F)OC(F)(F)C(F)(F)C(F)(F)OC(F)(F)F,3.85
OC(=O)C(F)(F)C(F)(F)C(F)(F)C(F)(F)C(F)(F)C(F)F,3.54
CCN(CCOC(=O)Nc1ccc(Cc2ccc(NC(=O)OCCN(CC)S(=O)(=O)C(F)(F)C(F)(F)C(F)(F)C(F)(F)F)cc2)cc1)S(=O)(=O)C(F)(F)C(F)(F)C(F)(F)C(F)(F)F,11.44
Nc1ccc(NC(=O)C(F)(F)C(F)(F)C(F)(F)F)c(O)c1,2.39
FC(F)(F)C(F)(F)C(F)(F)C(F)(F)C(F)(F)C(F)(F)C(F)(F)F,5.5
OC(=O)C(F)(F)C(F)(F)C(F)(F)C(F)(F)C(F)(F)C(F)(F)C(F)(F)F,4.81
CN(C)CCCNS(=O)(=O)C(F)(F)C(F)(F)C(F)(F)C(F)(F)F,3.78
CCN(CCO)S(=O)(=O)C(F)(F)C(F)(F)C(F)(F)C(F)(F)C(F)(F)F,3.99
CC(F)(F)C(F)(F)C(F)(F)CCSSCCC(F)(F)C(F)(F)C(C)(F)F,9.04
C[N](C)(CCO)CCCN(CCCS(O)(=O)=O)S(=O)(=O)C(F)(F)C(F)(F)C(F)(F)C(F)(F)C(F)(F)C(F)(F)C(F)(F)C(F)(F)F,0.49
OC(=O)C(F)(F)C(F)(F)C(F)(F)C(F)(F)C(F)(F)C(F)(F)C(F)(F)C(F)(F)C(F)(F)C(F)(F)C(F)(F)F,7.49
OCCC(F)(F)C(F)(F)C(F)(F)C(F)(F)C(F)(F)C(F)(F)C(F)(F)C(F)(F)C(F)(F)C(F)(F)F,7.08
CC(=C)C(=O)OCCC(F)(F)C(F)(F)C(F)(F)C(F)(F)C(F)(F)C(F)(F)C(F)(F)C(F)(F)F,7.65
CN(CCOC(=O)C=C)S(=O)(=O)C(F)(F)C(F)(F)C(F)(F)C(F)(F)C(F)(F)F,4.86
COC(F)(F)C(F)(F)C(F)(F)C(F)(F)F,3.34
FC1(F)C(F)(F)C(F)(F)C1(F)F,1.97
FC(F)(F)C(F)(F)C(F)(F)C(F)(F)C(F)(F)C(F)(F)C(F)(F)C(F)(F)C(F)(F)C(F)(F)CCOC(=O)C=C,8.44
CN(CCO)S(=O)(=O)C(F)(F)C(F)(F)C(F)(F)C(F)(F)C(F)(F)F,3.5
CCN(CCO)S(=O)(=O)C(F)(F)C(F)(F)C(F)(F)C(F)(F)C(F)(F)C(F)(F)C(F)(F)F,5.33
CN(C)CC(O)SC(F)(F)C(F)(F)C(F)(F)C(F)(F)C(F)(F)C(F)(F)F,3.69
OCCC(F)(F)C(F)(F)C(F)(F)C(F)(F)F,3.07
CCN(CCOC(O)Nc1ccc(C)c(NC(=O)OCCN(CC)S(=O)(=O)C(F)(F)C(F)(F)C(F)(F)C(F)(F)F)c1)S(=O)(=O)C(F)(F)C(F)(F)C(F)(F)C(F)(F)F,6.98
CC(=C)C(=O)OCCC(F)(F)C(F)(F)C(F)(F)C(F)(F)C(F)(F)C(F)(F)C(F)(F)C(F)(F)C(F)(F)C(F)(F)F,8.99
C(C(C(F)(F)S(=O)(=O)O)(F)F)(C(F)(F)F)(F)F,1.82
OS(=O)(=O)C(F)(F)C(F)(F)C(F)(F)C(F)(F)C(F)(F)C(F)(F)F,3.16
C(C(C(C(C(F)(F)S(=O)(=O)O)(F)F)(F)F)(F)F)(C(C(C(F)(F)F)(F)F)(F)F)(F)F,4.49
FC(F)(CCS(=O)(=O)O)C(F)(F)C(F)(F)C(F)(F)C(F)(F)C(F)(F)F,2.66
FC(OC(F)(F)C(F)(F)C(F)(F)F)C(F)(F)F,3.44
C(C(C(C(C(C(C(F)(F)F)(F)F)(F)F)(F)F)(F)F)(F)F)O,3.92
C(C(C(C(C(C(C(F)(F)F)(F)F)(F)F)(F)F)(F)F)(F)F)CO,4.41
C(C(C(C(C(C(C(C(F)(F)F)(F)F)(F)F)(F)F)(F)F)(F)F)(F)F)O,4.59
C(C(C(C(C(C(C(C(C(F)(F)F)(F)F)(F)F)(F)F)(F)F)(F)F)(F)F)(F)F)CO,5.75
C(O)C(O)CC(F)(F)C(F)(F)C(F)(F)C(F)(F)C(F)(F)C(F)(F)C(F)(C(F)(F)F)C(F)(F)F,5.96
C(C(C(C(C(C(C(C(C(F)(F)F)(C(F)(F)F)F)(F)F)(F)F)(F)F)(F)F)(F)F)(F)F)C(COC(C=C)=O)O,6.91
C1=C(OCC(O)CC(F)(F)C(F)(F)C(F)(F)C(F)(F)C(F)(F)C(F)(F)C(F)(C(F)(F)F)C(F)(F)F)C=CC=C1,8.26
C(C(F)(F)C(F)(C(F)(F)C(F)(F)C(F)(F)C(F)(F)C(F)(C(F)(F)F)C(F)(F)F)F)C(CO[P](=O)(O)O)O,5.47
C(C(C(C(C(C(C(C(C(C(C(C(C(F)(F)F)(F)F)(F)F)(F)F)(F)F)(F)F)(F)F)(F)F)(F)F)(F)F)(F)F)(F)F)CO,8.42
C(C(C(C(C(C(C(C(C(C(C(F)(F)F)(C(F)(F)F)F)(F)F)(F)F)(F)F)(F)F)(F)F)(F)F)(F)F)(F)F)C(CO[P](=O)(O)O)O,6.81
C(C(C(C(C(C(C(C(C(C(C(C(C(C(C(F)(F)F)(F)F)(F)F)(F)F)(F)F)(F)F)(F)F)(F)F)(F)F)(F)F)(F)F)(F)F)(F)F)(F)F)CO,9.76
C(C(C(C(C(C(C(C(C(C(C(C(C(F)(F)F)(C(F)(F)F)F)(F)F)(F)F)(F)F)(F)F)(F)F)(F)F)(F)F)(F)F)(F)F)(F)F)C(CO[P](=O)(O)O)O,8.15
C(C(C(C(C(C(C(C(C(C(C(C(C(C(C(C(C(F)(F)F)(F)F)(F)F)(F)F)(F)F)(F)F)(F)F)(F)F)(F)F)(F)F)(F)F)(F)F)(F)F)(F)F)(F)F)(F)F)CO,11.1
C(C(C(C(C(C(C(C(C(C(C(C(C(C(C(F)(F)F)(C(F)(F)F)F)(F)F)(F)F)(F)F)(F)F)(F)F)(F)F)(F)F)(F)F)(F)F)(F)F)(F)F)(F)F)C(CO[P](=O)(O)O)O,9.49
C(C(F)(F)C(F)(F)C(F)(F)C(F)(F)C(F)(F)C(F)(F)C(F)(F)C(F)(F)C(F)(F)C(F)(F)C(F)(F)C(F)(F)C(F)(F)C(F)(F)C(F)(F)C(F)(F)C(C(F)(F)F)(F)F)CO,12.44
C(NCCCN(C)C)C(O)CC(F)(F)C(F)(F)C(F)(F)C(F)(F)C(F)(F)C(F)(F)C(F)(C(F)(F)F)C(F)(F)F,6.2
C(NCCCN(C)C)C(O)CC(F)(F)C(F)(F)C(F)(F)C(F)(F)C(F)(F)C(F)(F)C(F)(F)C(F)(F)C(F)(F)C(F)(F)F,6.69
C(N(C)C)CCNC(O)CCC(F)(F)C(F)(F)C(F)(F)C(F)(F)C(F)(F)C(F)(F)C(F)(F)C(F)(F)C(F)(C(F)(F)F)C(F)(F)F,7.54
C(C(F)(F)C(F)(F)C(F)(F)C(F)(F)C(F)(F)C(F)(F)C(F)(F)C(F)(F)C(F)(F)C(F)(F)F)C(O)CNCCC[N+](CCC([O-])=O)(C)C,2.26
C(NCCCN(C)C)C(O)CC(F)(F)C(F)(F)C(F)(F)C(F)(F)C(F)(F)C(F)(F)C(F)(F)C(F)(F)C(F)(F)C(F)(F)C(F)(F)C(F)(F)F,8.02
C(NCCCN(C)C)C(O)CC(F)(F)C(F)(F)C(F)(F)C(F)(F)C(F)(F)C(F)(F)C(F)(F)C(F)(F)C(F)(F)C(F)(F)C(F)(C(F)(F)F)C(F)(F)F,8.88
C[N+](CCCNCC(O)CC(F)(F)C(F)(F)C(F)(F)C(F)(F)C(F)(F)C(F)(F)C(F)(F)C(F)(F)C(F)(F)C(F)(F)C(C(F)(F)F)(F)C(F)(F)F)(CCC(O)=O)C,4.45
C(C(F)(F)C(F)(F)C(F)(F)C(F)(F)C(F)(F)C(F)(F)C(F)(F)C(F)(F)C(F)(C(F)(F)F)C(F)(F)F)C(O)CNCCC[N+](CCC([O-])=O)(C)C,3.12
C(OCCOCCOCCCC)C(O)CC(F)(F)C(F)(F)C(F)(F)C(F)(F)C(F)(F)C(F)(F)C(F)(C(F)(F)F)C(F)(F)F,7.18
COCCOCCOCCOCCOCCOCCOCCOCCOCCOCC(CC(C(C(C(C(C(C(C(C(C(F)(F)F)(F)F)(F)F)(F)F)(F)F)(F)F)(F)F)(F)F)(F)F)(F)F)O,4.27
COCCOCCOCCOCCOCCOCCOCCOCCOCCOCC(O)CC(F)(F)C(F)(F)C(F)(F)C(F)(F)C(F)(F)C(F)(F)C(F)(F)C(F)(F)C(F)(F)C(F)(F)C(F)(F)C(F)(F)F,5.61
COCCOCCOCCOCCOCCOCCOCCOCCOCCOCC(O)CC(F)(F)C(F)(F)C(F)(F)C(F)(F)C(F)(F)C(F)(F)C(F)(F)C(F)(F)C(F)(F)C(F)(F)C(C(F)(F)F)(F)C(F)(F)F,6.46
C(C(F)(F)C(F)(F)C(F)(F)C(F)(F)C(F)(F)C(F)(F)C(F)(F)C(F)(F)C(F)(C(F)(F)F)C(F)(F)F)C(O)CC(=O)CCC(=O)CCC(=O)CCC(=O)CCC(=O)CCC(=O)CCC(=O)CCC(=O)CCC(=O)CCC(=O)C,2.1
CC(OCC(O)CC(F)(F)C(F)(F)C(F)(F)C(F)(F)C(F)(F)C(F)(F)C(F)(F)C(F)(F)C(F)(F)C(F)(F)F)COCC(OCC(O)CC(F)(F)C(F)(F)C(F)(F)C(F)(F)C(F)(F)C(F)(F)C(F)(F)C(F)(F)C(F)(F)C(F)(F)F)C,14.1
CC(OCC(O)CC(F)(F)C(F)(F)C(F)(F)C(F)(F)C(F)(F)C(F)(F)C(F)(F)C(F)(F)C(C(F)(F)F)(F)C(F)(F)F)COCC(OCC(O)CC(F)(F)C(F)(F)C(F)(F)C(F)(F)C(F)(F)C(F)(F)C(F)(F)C(F)(F)C(C(F)(F)F)(F)C(F)(F)F)C,15.81
C(C(F)(F)C(F)(F)C(F)(F)C(F)(F)C(F)(F)C(F)(F)C(F)(F)C(F)(F)C(F)(F)C(F)(F)F)C(O)CO[P](O)(O)=O,5.96
C(C(F)(F)C(F)(F)C(F)(F)C(F)(F)C(F)(F)C(F)(F)C(F)(F)C(F)(F)C(F)(F)C(F)(F)C(F)(F)C(F)(F)F)C(O)CO[P](O)(O)=O,7.29
C(C(F)(F)C(F)(F)C(F)(F)C(F)(F)C(F)(F)C(F)(F)C(F)(F)C(F)(F)C(F)(F)C(F)(F)C(F)(F)C(F)(F)C(F)(F)C(F)(F)F)C(O)CO[P](O)(O)=O,8.63
C(C(F)(F)C(F)(F)C(F)(F)C(F)(F)C(F)(F)C(F)(F)C(F)(F)C(F)(F)C(F)(F)C(F)(F)C(F)(F)C(F)(F)C(F)(F)C(F)(F)C(F)(F)C(F)(F)F)C(O)CO[P](O)(O)=O,9.97
FC(F)(C(F)(C(F)(C(F)(F)CCOP(O)(OCCC(F)(C(F)(F)C(F)(F)C(F)(F)C(F)(F)C(F)(F)F)F)=O)F)F)F,8.08
FC(F)(C(F)(C(F)(C(F)(C(F)(C(F)(F)CCOP(O)(OCCC(F)(C(F)(F)C(F)(F)C(F)(F)C(F)(F)C(F)(F)C(F)(F)C(F)(F)F)F)=O)F)F)F)F)F,10.76
FC(C(F)(F)C(F)(F)F)(C(F)(C(F)(C(F)(C(F)(C(F)(F)CCOP(O)(OCCC(F)(C(F)(F)C(F)(F)C(F)(F)C(F)(F)C(F)(F)C(F)(F)C(F)(C(F)(F)C(F)(F)F)F)F)=O)F)F)F)F)F,13.44
C(F)(F)(F)C(F)(F)C(F)(F)C(F)(F)C(F)(F)C(F)(F)C(F)(F)C(F)(F)[S](=O)(=O)N(CC)CCO[P](=O)(OCCN(CC)[S](C(C(C(C(C(C(C(C(F)(F)F)(F)F)(F)F)(F)F)(F)F)(F)F)(F)F)(F)F)(=O)=O)O[H],12.6
FC(C(F)(F)C(F)(C(F)(F)C(F)(F)F)F)(C(F)(C(F)(C(F)(C(F)(C(F)(F)CCOP(O)(OCCC(F)(C(F)(F)C(F)(F)C(F)(F)C(F)(F)C(F)(F)C(F)(F)C(F)(C(F)(F)C(F)(F)C(F)(F)C(F)(F)F)F)F)=O)F)F)F)F)F,16.11
FC(F)(C(F)(C(F)(C(F)(F)CCOP(O)(OCCC(F)(C(F)(F)C(F)(F)C(F)(F)F)F)=O)F)F)F,6.75
FC(F)(C(F)(F)C(F)(F)C(F)(F)F)C(F)(F)S(=O)(CCC)=O,4.74
FC(F)(C(F)(F)C(F)(F)C(F)(F)F)C(F)(F)S(=O)(N)=O,3.79
FC(F)(C(F)(F)C(F)(F)C(F)(F)F)C(F)(F)S(=O)(NCC)=O,4.75
FC(F)(C(F)(F)C(F)(F)C(F)(F)C(F)(F)F)C(F)(F)S(=O)(N)=O,4.46
FC(F)(C(F)(F)C(F)(F)C(F)(F)C(F)(F)F)C(F)(F)S(=O)(NCC)=O,5.42
FC(F)(C(F)(F)C(F)(F)C(F)(F)C(F)(F)C(F)(F)F)C(F)(F)S(=O)(N)=O,5.13
FC(F)(C(F)(F)C(F)(F)C(F)(F)C(F)(F)C(F)(C(F)(F)F)F)C(F)(F)S(=O)(N)=O,5.8
FC(F)(C(F)(F)C(F)(F)C(F)(F)C(F)(F)C(F)(C(F)(F)F)F)C(F)(F)S(=O)(NC)=O,6.27
FC(F)(C(F)(F)C(F)(F)F)C(F)(F)S(=O)(N)=O,3.13
OC(CNS(C(F)(F)C(F)(F)C(F)(F)C(F)(F)C(F)(F)F)(=O)=O)=O,3.51
OC(CNS(C(F)(F)C(F)(F)C(F)(F)C(F)(F)C(F)(F)C(F)(F)F)(=O)=O)=O,4.18
OC(CNS(C(F)(F)C(F)(F)C(F)(F)C(F)(F)C(F)(F)C(C(F)(F)F)(F)F)(=O)=O)=O,4.85
FC(F)(F)C(F)(F)C(F)(F)C(F)(F)S(NCC(O)=O)(=O)=O,2.85
C(N([S](=O)(=O)C(F)(F)C(F)(F)C(F)(F)C(F)(F)F)CCO)C,3.32
FC(F)(F)C(F)(F)C(F)(F)C(F)(F)C(F)(F)S(=O)(NCCO)=O,3.29
FC(C(F)(F)F)(F)C(F)(F)C(F)(F)C(F)(F)C(F)(F)S(=O)(NCCO)=O,3.96
C(N([S](=O)(=O)C(F)(F)C(F)(F)C(F)(F)C(F)(F)C(F)(F)C(F)(F)F)CCO)C,4.66
FC(C(C(F)(F)F)(F)F)(F)C(F)(F)C(F)(F)C(F)(F)C(F)(F)S(=O)(NCCO)=O,4.62
FC(F)(F)C(F)(F)C(F)(F)C(F)(F)S(=O)(NCCO)=O,2.62
C(C(F)(F)C(C(C(C(C(C(C(C(C(C(C(F)(F)F)(F)C(F)(F)F)(F)F)(F)F)(F)F)(F)F)(F)F)(F)F)(F)F)(F)F)(F)F)C(COC(C=C)=O)O,9.59
C(C(F)(F)C(F)(F)C(F)(F)C(F)(F)C(F)(F)C(F)(F)C(F)(F)C(F)(F)C(F)(F)C(F)(F)C(F)(F)C(F)(F)C(F)(C(F)(F)F)C(F)(F)F)C(O)COC(=O)C=C,10.93
O=C(C(C(C(C(C(O)=O)(F)F)(F)F)(F)F)(F)F)O,1.53
O=C(F)C(F)(F)C(F)(F)C(F)(F)C(F)(F)C(=O)F,0.38
C(OC(C(C(C(C(C(OCC)=O)(F)F)(F)F)(F)F)(F)F)=O)C,3.68
C(CC(C(=O)OC)C(=O)OC)C(C(C(C(C(C(F)(F)F)(F)F)(F)F)(F)F)(F)F)(F)F,5.37
C(C(F)(F)C(F)(F)C(F)(F)C(F)(F)C(F)(F)C(F)(F)C(F)(F)C(F)(F)C(F)(F)C(F)(F)F)C(Cl)=O,6.75
C(CC(C(=O)OCCCCOC=C)C(=O)OCCCCOC=C)C(C(C(C(C(C(F)(F)F)(F)F)(F)F)(F)F)(F)F)(F)F,7.5
C(C(C(C(C(F)(F)F)(F)F)(F)F)(F)F)COC(C=C)=O,4.43
C(C(C(C(C(F)(F)F)(F)F)(F)F)(F)F)COC(C(C)=C)=O,4.98
C(C(C(C(C(C(C(F)(F)F)(F)F)(F)F)(F)F)(F)F)(F)F)COC(C(C)=C)=O,6.32
C(C(C(C(C(C(C(C(F)(F)F)(F)F)(F)F)(F)F)(F)F)(F)F)(F)F)OC(C=C)=O,5.95
C(C(C(C(C(C(C(C(F)(F)F)(F)F)(F)F)(F)F)(F)F)(F)F)(F)F)OC(=O)C(C)=C,6.49
C(C(C(C(C(C(C(C(C(F)(F)F)(F)F)(F)F)(F)F)(F)F)(F)F)(F)F)(F)F)COC(C=C)=O,7.11
C(C(C(C(C(C(C(C(C(F)(F)F)(C(F)(F)F)F)(F)F)(F)F)(F)F)(F)F)(F)F)(F)F)COC(C=C)=O,7.96
C(C(C(C(C(C(C(C(C(C(C(F)(F)F)(C(F)(F)F)F)(F)F)(F)F)(F)F)(F)F)(F)F)(F)F)(F)F)(F)F)COC(C=C)=O,9.3
C(C(C(C(C(C(C(C(C(C(C(F)(F)F)(C(F)(F)F)F)(F)F)(F)F)(F)F)(F)F)(F)F)(F)F)(F)F)(F)F)COC(C(C)=C)=O,9.85
C(C(C(C(C(C(C(C(C(C(C(C(C(F)(F)F)(F)F)(F)F)(F)F)(F)F)(F)F)(F)F)(F)F)(F)F)(F)F)(F)F)(F)F)COC(=O)C=C,9.78
C(C(C(C(C(C(C(C(C(C(C(C(C(F)(F)F)(F)F)(F)F)(F)F)(F)F)(F)F)(F)F)(F)F)(F)F)(F)F)(F)F)(F)F)COC(=O)C(=C)C,10.33
C(OC(C=C)=O)CC(C(C(C(C(C(C(C(C(C(C(C(F)(F)F)(F)C(F)(F)F)(F)F)(F)F)(F)F)(F)F)(F)F)(F)F)(F)F)(F)F)(F)F)(F)F,10.64
C(C(F)(F)C(F)(F)C(F)(F)C(F)(F)C(F)(F)C(F)(F)C(F)(F)C(F)(F)C(F)(F)C(F)(F)C(F)(C(F)(F)F)C(F)(F)F)COC(=O)C(C)=C,11.19
C(C(C(C(C(C(C(C(C(C(C(C(C(C(C(F)(F)F)(F)F)(F)F)(F)F)(F)F)(F)F)(F)F)(F)F)(F)F)(F)F)(F)F)(F)F)(F)F)(F)F)COC(=O)C=C,11.12
C(C(C(C(C(C(C(C(C(C(C(C(C(C(C(F)(F)F)(F)F)(F)F)(F)F)(F)F)(F)F)(F)F)(F)F)(F)F)(F)F)(F)F)(F)F)(F)F)(F)F)COC(=O)C(=C)C,11.67
C(C(F)(F)C(F)(F)C(F)(F)C(F)(F)C(F)(F)C(F)(F)C(F)(F)C(F)(F)C(F)(F)C(F)(F)C(F)(F)C(F)(F)C(F)(C(F)(F)F)C(F)(F)F)COC(=O)C=C,11.98
C(C(F)(F)C(F)(F)C(F)(F)C(F)(F)C(F)(F)C(F)(F)C(F)(F)C(F)(F)C(F)(F)C(F)(F)C(F)(F)C(F)(F)C(F)(C(F)(F)F)C(F)(F)F)COC(=O)C(C)=C,12.52
C(OC(C=C)=O)CC(C(C(C(C(C(C(C(C(C(C(C(C(C(C(C(F)(F)F)(F)F)(F)F)(F)F)(F)F)(F)F)(F)F)(F)F)(F)F)(F)F)(F)F)(F)F)(F)F)(F)F)(F)F)(F)F,12.46
C(OC(C(=C)C)=O)CC(C(C(C(C(C(C(C(C(C(C(C(C(C(C(C(F)(F)F)(F)F)(F)F)(F)F)(F)F)(F)F)(F)F)(F)F)(F)F)(F)F)(F)F)(F)F)(F)F)(F)F)(F)F)(F)F,13.01
C(C(F)(F)C(F)(F)C(F)(F)C(F)(F)C(F)(F)C(F)(F)C(F)(F)C(F)(F)C(F)(F)C(F)(F)C(F)(F)C(F)(F)C(F)(F)C(F)(F)C(F)(C(F)(F)F)C(F)(F)F)COC(=O)C=C,13.31
C(C(F)(F)C(F)(F)C(F)(F)C(F)(F)C(F)(F)C(F)(F)C(F)(F)C(F)(F)C(F)(F)C(F)(F)C(F)(F)C(F)(F)C(F)(F)C(F)(F)C(F)(C(F)(F)F)C(F)(F)F)COC(=O)C(C)=C,13.86
C(OC(C=C)=O)CC(C(C(C(C(C(C(C(C(C(C(C(C(C(C(C(C(C(F)(F)F)(F)F)(F)F)(F)F)(F)F)(F)F)(F)F)(F)F)(F)F)(F)F)(F)F)(F)F)(F)F)(F)F)(F)F)(F)F)(F)F)(F)F,13.8
C(OC(C(=C)C)=O)CC(C(C(C(C(C(C(C(C(C(C(C(C(C(C(C(C(C(F)(F)F)(F)F)(F)F)(F)F)(F)F)(F)F)(F)F)(F)F)(F)F)(F)F)(F)F)(F)F)(F)F)(F)F)(F)F)(F)F)(F)F)(F)F,14.34
C(C(C(C(C(C(C(F)(F)F)(F)F)(F)F)(F)F)(F)F)(F)F)C1CO1,4.92
COCCOCCOCCOCCOCCOCCOCCOCCOCCOCC(O)CC(F)(F)C(F)(F)C(F)(F)C(F)(F)C(F)(F)C(F)(F)C(C(F)(F)F)(F)C(F)(F)F,3.78
CCCCCC(C(C(C(OC(C(OC(C(OC(C(OC(C(C(C(C(/C(=C(/C(=C(F)F)F)F)/F)(F)F)(F)F)(F)F)(F)F)(F)F)(F)F)(F)F)(F)F)(F)F)(F)F)(F)F)(F)F)(F)F)(F)F)F,16.62
CC(COCC(O)CC(F)(F)C(F)(F)C(F)(F)C(F)(F)C(F)(F)C(F)(F)C(F)(C(F)(F)F)C(F)(F)F)OC(C)COCC(O)CC(F)(F)C(F)(F)C(F)(F)C(F)(F)C(F)(F)C(F)(F)C(F)(C(F)(F)F)C(F)(F)F,13.13
C(C(C(C(C(F)(F)F)(F)F)(F)F)(F)F)CI,5.29
C(I)CC(F)(F)C(F)(F)C(F)(F)C(F)(F)C(F)(F)F,5.96
FC(C(C(F)(F)I)(F)F)(C(F)(F)I)F,5.13
C(C(C(C(C(C(C(F)(F)F)(F)F)(F)F)(F)F)(F)F)(F)F)CI,6.63
C(I)CC(F)(F)C(F)(F)C(F)(F)C(F)(F)C(F)(F)C(F)(F)C(F)(F)F,7.3
FC(I)(F)C(F)(F)C(F)(F)C(F)(F)C(F)(F)C(F)(F)I,6.47
C(C(C(C(C(C(C(C(C(F)(F)F)(F)F)(F)F)(F)F)(F)F)(F)F)(F)F)(F)F)CI,7.97
C(I)CC(F)(F)C(F)(F)C(F)(F)C(F)(F)C(F)(F)C(F)(F)C(F)(F)C(F)(F)C(F)(F)F,8.64
C(C(C(C(C(C(C(C(C(C(C(F)(F)F)(F)F)(F)F)(F)F)(F)F)(F)F)(F)F)(F)F)(F)F)(F)F)CI,9.31
C(C(C(C(C(C(C(C(C(C(C(C(C(F)(F)F)(F)F)(F)F)(F)F)(F)F)(F)F)(F)F)(F)F)(F)F)(F)F)(F)F)(F)F)CI,10.65
C(I)CC(F)(F)C(F)(F)C(F)(F)C(F)(F)C(F)(F)C(F)(F)C(F)(F)C(F)(F)C(F)(F)C(F)(F)C(F)(F)C(F)(F)C(F)(F)C(F)(F)F,11.98
C(I)CC(F)(F)C(F)(F)C(F)(F)C(F)(F)C(F)(F)C(F)(F)C(F)(F)C(F)(F)C(F)(F)C(F)(F)C(F)(F)C(F)(F)C(F)(F)C(F)(F)C(F)(F)C(F)(F)F,13.32
C(C(F)(F)C(F)(F)C(F)(F)C(F)(F)C(F)(F)C(F)(F)C(F)(F)C(F)(F)C(F)(F)C(F)(F)C(F)(F)C(F)(F)C(F)(F)C(F)(F)C(F)(F)C(F)(F)C(C(F)(F)F)(F)F)CI,14.66
C(C(F)(F)C(F)(F)C(F)(F)C(F)(F)C(F)(F)C(F)(F)C(F)(C(F)(F)F)C(F)(F)F)CO[P](O)(O)=O,6.52
C(O[P](=O)(O)O)CC(C(C(C(C(C(C(C(C(C(F)(F)F)(F)F)(F)F)(F)F)(F)F)(F)F)(F)F)(F)F)(F)F)(F)F,7
C(C(F)(F)C(F)(F)C(F)(F)C(F)(F)C(F)(F)C(F)(F)C(F)(F)C(F)(F)C(F)(C(F)(F)F)C(F)(F)F)CO[P](O)(O)=O,7.86
C(O[P](=O)(O)O)CC(C(C(C(C(C(C(C(C(C(C(F)(F)C(F)(F)F)(F)F)(F)F)(F)F)(F)F)(F)F)(F)F)(F)F)(F)F)(F)F)(F)F,8.34
C(C(F)(F)C(F)(F)C(F)(F)C(F)(F)C(F)(F)C(F)(F)C(F)(F)C(F)(F)C(F)(F)C(F)(F)C(F)(C(F)(F)F)C(F)(F)F)CO[P](O)(O)=O,9.2
C(C(F)(F)C(F)(F)C(F)(F)C(F)(F)C(F)(F)C(F)(F)C(F)(F)C(F)(F)C(F)(F)C(F)(F)C(F)(F)C(F)(F)C(F)(F)C(F)(F)F)CO[P](=O)(O)O,9.68
C(C(F)(F)C(F)(F)C(F)(F)C(F)(F)C(F)(F)C(F)(F)C(F)(F)C(F)(F)C(F)(F)C(F)(F)C(F)(F)C(F)(F)C(F)(C(F)(F)F)C(F)(F)F)CO[P](O)(O)=O,10.53
C(COP(=O)(O)O)C(C(C(C(C(C(C(C(C(C(C(C(C(C(C(C(F)(F)F)(F)F)(F)F)(F)F)(F)F)(F)F)(F)F)(F)F)(F)F)(F)F)(F)F)(F)F)(F)F)(F)F)(F)F)(F)F,11.02
C(C(F)(F)C(F)(F)C(F)(F)C(F)(F)C(F)(F)C(F)(F)C(F)(F)C(F)(F)C(F)(F)C(F)(F)C(F)(F)C(F)(F)C(F)(F)C(F)(F)C(F)(C(F)(F)F)C(F)(F)F)CO[P](O)(O)=O,11.87
C(C(C(C(C(C(C(C(C(C(C(F)(F)F)(F)F)(F)F)(F)F)(F)F)(F)F)(F)F)(F)F)(F)F)(F)F)CO[P](=O)(OCCC(C(C(C(C(C(C(C(C(C(F)(F)F)(F)F)(F)F)(F)F)(F)F)(F)F)(F)F)(F)F)(F)F)(F)F)O,14.78
C(C(F)(F)C(F)(F)C(F)(F)C(F)(F)C(F)(F)C(F)(F)C(F)(F)C(F)(F)C(F)(C(F)(F)F)C(F)(F)F)CO[P](OCCC(F)(F)C(F)(F)C(F)(F)C(F)(F)C(F)(F)C(F)(F)C(F)(F)C(F)(F)C(F)(C(F)(F)F)C(F)(F)F)([O-])=O,16.49
C(C(C(C(C(C(C(C(C(C(C(C(C(F)(F)F)(F)F)(F)F)(F)F)(F)F)(F)F)(F)F)(F)F)(F)F)(F)F)(F)F)(F)F)CO[P](=O)(OCCC(C(C(C(C(C(C(C(C(C(C(C(F)(F)F)(F)F)(F)F)(F)F)(F)F)(F)F)(F)F)(F)F)(F)F)(F)F)(F)F)(F)F)O,17.45
C(C(F)(F)C(F)(F)C(F)(F)C(F)(F)C(F)(F)C(F)(F)C(F)(F)C(F)(F)C(F)(F)C(F)(F)C(F)(C(F)(F)F)C(F)(F)F)CO[P](OCCC(F)(F)C(F)(F)C(F)(F)C(F)(F)C(F)(F)C(F)(F)C(F)(F)C(F)(F)C(F)(F)C(F)(F)C(F)(C(F)(F)F)C(F)(F)F)(O)=O,19.16
C(C(F)(F)C(F)(F)C(F)(F)C(F)(F)C(F)(F)C(F)(F)C(F)(F)C(F)(F)C(F)(F)C(F)(F)C(F)(F)C(F)(F)C(F)(F)C(F)(F)F)CO[P](OCCC(F)(F)C(F)(F)C(F)(F)C(F)(F)C(F)(F)C(F)(F)C(F)(F)C(F)(F)C(F)(F)C(F)(F)C(F)(F)C(F)(F)C(F)(F)C(F)(F)F)(O)=O,20.13
C(C(F)(F)C(F)(F)C(F)(F)C(F)(F)C(F)(F)C(F)(F)C(F)(F)C(F)(F)C(F)(F)C(F)(F)C(F)(F)C(F)(F)C(F)(C(F)(F)F)C(F)(F)F)CO[P](OCCC(F)(F)C(F)(F)C(F)(F)C(F)(F)C(F)(F)C(F)(F)C(F)(F)C(F)(F)C(F)(F)C(F)(F)C(F)(F)C(F)(F)C(F)(C(F)(F)F)C(F)(F)F)(O)=O,21.84
C(O[P](OCCC(F)(F)C(F)(F)C(F)(F)C(F)(F)C(F)(F)C(F)(F)C(F)(F)C(F)(F)C(F)(F)C(F)(F)C(F)(F)C(F)(F)C(F)(F)C(F)(F)C(F)(F)C(F)(F)F)(=O)O)CC(F)(F)C(F)(F)C(F)(F)C(F)(F)C(F)(F)C(F)(F)C(F)(F)C(F)(F)C(F)(F)C(F)(F)C(F)(F)C(F)(F)C(F)(F)C(F)(F)C(F)(F)C(F)(F)F,22.81
C(O[P](OCCC(F)(F)C(F)(F)C(F)(F)C(F)(F)C(F)(F)C(F)(F)C(F)(F)C(F)(F)C(F)(F)C(F)(F)C(F)(F)C(F)(F)C(F)(F)C(F)(F)C(F)(C(F)(F)F)C(F)(F)F)(=O)O)CC(F)(F)C(F)(F)C(F)(F)C(F)(F)C(F)(F)C(F)(F)C(F)(F)C(F)(F)C(F)(F)C(F)(F)C(F)(F)C(F)(F)C(F)(F)C(F)(F)C(F)(C(F)(F)F)C(F)(F)F,24.52
C([S](Cl)(=O)=O)CC(F)(F)C(F)(F)C(F)(F)C(F)(F)F,4.98
C([S](Cl)(=O)=O)CC(F)(F)C(F)(F)C(F)(F)C(F)(F)C(F)(F)F,5.64
C([S](Cl)(=O)=O)CC(F)(F)C(F)(F)C(F)(F)C(F)(F)C(F)(F)C(F)(F)C(F)(F)F,6.98
C(N([S](=O)(=O)CC(F)(F)C(F)(F)C(F)(F)C(F)(F)C(F)(F)C(F)(F)F)C)COC(=O)C=C,4.54
C(N([S](=O)(=O)CCC(F)(F)C(F)(F)C(F)(F)C(F)(F)C(F)(F)C(F)(F)F)C)COC(=O)C=C,5.03
C(C(C(C(C(C(C(C(C(F)(F)F)(F)F)(F)F)(F)F)(F)F)(F)F)(F)F)(F)F)C[S](=O)(=O)Cl,7.65
C(C(F)(F)C(F)(F)C(F)(F)C(F)(F)C(F)(F)C(F)(F)F)C[S](=O)(=O)NCCC[N+](CC([O-])=O)(C)C,2.9
C(C(F)(F)C(F)(F)C(F)(F)C(F)(F)C(F)(F)C(F)(F)F)C[S](=O)(=O)NCCC[N+](CCC([O-])=O)(C)C,3.4
C([S](Cl)(=O)=O)CC(F)(F)C(F)(F)C(F)(F)C(F)(F)C(F)(F)C(F)(F)C(F)(F)C(F)(F)C(F)(F)F,8.32
C(C(F)(F)C(F)(F)C(F)(F)C(F)(F)C(F)(F)C(F)(F)F)C[S](=O)(=O)N(CCC[N+](CCC([O-])=O)(C)C)C,3.61
C(C(F)(F)C(F)(F)C(F)(F)C(F)(F)C(F)(F)C(F)(F)F)C[S](=O)(=O)N(CCC[N+](CC([O-])=O)(C)C)C,3.12
C(N([S](=O)(=O)CC(F)(F)C(F)(F)C(F)(F)C(F)(F)C(F)(F)C(F)(F)C(F)(F)C(F)(F)F)C)COC(=O)C=C,5.88
C(N([S](=O)(=O)CCC(F)(F)C(F)(F)C(F)(F)C(F)(F)C(F)(F)C(F)(F)C(F)(F)C(F)(F)F)C)COC(=O)C=C,6.37
C([S](Cl)(=O)=O)CC(F)(F)C(F)(F)C(F)(F)C(F)(F)C(F)(F)C(F)(F)C(F)(F)C(F)(F)C(F)(F)C(F)(F)F,8.99
C(N([S](=O)(=O)CC(F)(F)C(F)(F)C(F)(F)C(F)(F)C(F)(F)C(F)(F)C(F)(F)C(F)(F)C(F)(F)C(F)(F)F)C)COC(=O)C=C,7.22
C(N([S](=O)(=O)CCC(F)(F)C(F)(F)C(F)(F)C(F)(F)C(F)(F)C(F)(F)C(F)(F)C(F)(F)C(F)(F)C(F)(F)F)C)COC(=O)C=C,7.71
C([S](Cl)(=O)=O)CC(F)(F)C(F)(F)C(F)(F)C(F)(F)C(F)(F)C(F)(F)C(F)(F)C(F)(F)C(F)(F)C(F)(F)C(F)(F)C(F)(F)F,10.33
C(N([S](=O)(=O)CC(F)(F)C(F)(F)C(F)(F)C(F)(F)C(F)(F)C(F)(F)C(F)(F)C(F)(F)C(F)(F)C(F)(F)C(F)(F)C(F)(F)F)C)COC(=O)C=C,8.55
C(N([S](=O)(=O)CCC(F)(F)C(F)(F)C(F)(F)C(F)(F)C(F)(F)C(F)(F)C(F)(F)C(F)(F)C(F)(F)C(F)(F)C(F)(F)C(F)(F)F)C)COC(=O)C=C,9.04
C(OC(C=C)=O)CN([S](=O)(=O)CC(C(C(C(C(C(C(C(C(C(C(C(C(C(F)(F)F)(F)F)(F)F)(F)F)(F)F)(F)F)(F)F)(F)F)(F)F)(F)F)(F)F)(F)F)(F)F)(F)F)C,9.89
C(OC(C=C)=O)CN([S](=O)(=O)CCC(C(C(C(C(C(C(C(C(C(C(C(C(C(F)(F)F)(F)F)(F)F)(F)F)(F)F)(F)F)(F)F)(F)F)(F)F)(F)F)(F)F)(F)F)(F)F)(F)F)C,10.38
C(OC(C=C)=O)CN([S](=O)(=O)CC(C(C(C(C(C(C(C(C(C(C(C(C(C(C(C(F)(F)F)(F)F)(F)F)(F)F)(F)F)(F)F)(F)F)(F)F)(F)F)(F)F)(F)F)(F)F)(F)F)(F)F)(F)F)(F)F)C,11.23
C(OC(C=C)=O)CN([S](=O)(=O)CCC(C(C(C(C(C(C(C(C(C(C(C(C(C(C(C(F)(F)F)(F)F)(F)F)(F)F)(F)F)(F)F)(F)F)(F)F)(F)F)(F)F)(F)F)(F)F)(F)F)(F)F)(F)F)(F)F)C,11.72
FC(C(F)(F)C(F)(F)C(F)(F)C(F)(F)C(F)(F)F)(F)CCSC#N,5.77
C(C(C(C(C(C(C(C(C(F)(F)F)(C(F)(F)F)F)(F)F)(F)F)(F)F)(F)F)(F)F)(F)F)COC(C(C)=C)=O,8.51
OCCN(CCO)O[P](=O)(OCCC(F)(F)C(F)(F)C(F)(F)C(F)(F)C(F)(F)C(F)(F)C(F)(F)C(F)(F)C(F)(F)F)OCCC(F)(F)C(F)(F)C(F)(F)C(F)(F)C(F)(F)C(F)(F)C(F)(F)C(F)(F)C(F)(F)F,10.67
FC(F)(C(F)(F)C(F)(F)C(F)(F)C(F)(F)F)C(F)(F)C(F)(F)C(F)(F)S(=O)(NCCO)=O,5.29
O=CCC(F)(F)C(F)(F)C(F)(F)C(F)(F)C(F)(F)C(F)(F)F,4.38
FC(F)(C(F)(F)CC=O)C(F)(F)C(F)(F)C(F)(F)C(F)(F)C(F)(F)C(F)(F)F,5.72
C(C=O)C(C(C(C(C(C(C(C(C(C(F)(F)F)(F)F)(F)F)(F)F)(F)F)(F)F)(F)F)(F)F)(F)F)(F)F,7.06
O=CCC(F)(F)C(F)(F)C(F)(F)C(F)(F)C(F)(F)C(F)(F)C(F)(F)C(F)(F)C(F)(F)C(F)(F)C(F)(F)C(F)(F)F,8.4
FC(F)(C(F)(F)CC=O)C(F)(F)C(F)(F)F,3.05
C(C(=O)O)C(C(C(C(C(C(C(C(F)(F)F)(F)F)(F)F)(F)F)(F)F)(F)F)(F)F)(F)F,5.97
OC(CC(F)(F)C(F)(F)C(F)(F)C(F)(F)C(F)(F)C(F)(F)C(F)(F)C(F)(F)C(F)(F)C(F)(F)F)=O,7.31
OC(CC(F)(F)C(F)(F)C(F)(F)C(F)(F)C(F)(F)C(F)(F)C(F)(F)C(F)(F)C(F)(F)C(F)(F)C(F)(C(F)(F)F)F)=O,8.65
C(C(=O)O)C(C(C(C(C(C(F)(F)F)(F)F)(F)F)(F)F)(F)F)(F)F,4.64
C(C(C(C(C(C(F)(F)C(F)(F)F)(F)F)(F)F)(F)F)(F)F)=C,5.74
C(C(C(F)(F)C(F)(F)C(F)(C(F)(F)C(C(F)(F)C(F)(F)F)(F)F)F)(F)F)=C,7.07
C(C(C(C(C(C(C(C(C(C(C(F)(F)F)(F)F)(F)F)(F)F)(F)F)(F)F)(F)F)(F)F)(F)F)(F)F)=C,8.41
C=CC(C(C(C(C(C(C(C(C(C(C(C(F)(F)F)(F)F)(F)F)(F)F)(F)F)(F)F)(F)F)(F)F)(F)F)(F)F)(F)F)(F)F,9.75
FC(F)(C(F)(F)C(F)(F)C(F)(F)F)CCC(=O)O,3.79
C(CC(C(C(C(C(F)(F)F)(F)F)(F)F)(F)F)(F)F)C(=O)O,4.46
C(CC(C(C(C(C(C(F)(F)F)(F)F)(F)F)(F)F)(F)F)(F)F)C(=O)O,5.13
C([S](=O)(=O)O)CC(F)(F)C(F)(F)C(F)(F)C(F)(F)C(F)(F)C(F)(F)C(F)(F)C(F)(F)F,4
O=S(CCC(F)(C(F)(C(F)(C(F)(C(F)(C(F)(C(F)(C(F)(C(F)(F)C(F)(F)F)F)F)F)F)F)F)F)F)(O)=O,5.34
O=S(CCC(F)(C(F)(C(F)(C(F)(F)F)F)F)F)(O)=O,1.32
FC(F)(C(F)(C(F)(F)F)F)C(F)(F)C(F)(F)/C(F)=C/C=O,4.04
FC(F)(C(F)(C(F)(C(F)(F)C(F)(F)F)F)F)C(F)(F)C(F)(F)/C(F)=C/C=O,5.38
C(=C(/C(C(C(C(C(C(C(C(C(F)(F)F)(F)F)(F)F)(F)F)(F)F)(F)F)(F)F)(F)F)(F)F)F)C=O,6.72
FC(F)(C(F)(C(F)(F)F)F)C(F)(F)C(F)(F)C(F)(F)C(F)(F)C(F)(F)C(F)(F)C(F)(F)C(F)(F)/C(F)=C/C=O,8.06
FC(F)(F)C(F)(F)C(F)(F)/C(F)=C/C=O,2.71
FC(C(F)(C(F)(C(C(F)CC(O)=O)(F)F)F)F)(C(F)(F)C(F)(F)C(F)(F)F)F,5.66
FC(C(F)(C(F)(C(C(F)CC(O)=O)(F)F)F)F)(C(F)(F)C(F)(F)C(F)(C(F)(C(F)(F)F)F)F)F,7
FC(C(F)(C(F)(C(C(F)CC(O)=O)(F)F)F)F)(C(F)(F)C(F)(F)C(F)(C(F)(C(F)(C(F)(C(F)(F)F)F)F)F)F)F,8.34
FC(C(F)(C(F)(C(C(F)CC(O)=O)(F)F)F)F)(C(F)(F)F)F,4.33
C(=C(F)F)(F)F,1.21
C(=C(F)Cl)(F)F,1.65
C(=C(F)F)(C(F)(F)F)F,2.12
C(=C(F)F)(OC(F)(F)F)F,1.42
C(=C(F)F)(OC(C(F)(F)F)(F)F)F,2.38
C(=C(F)F)(OC(C(C(F)(F)F)(F)F)(F)F)F,3.05
C(F)(F)(F)C(F)(F)C(F)(F)C(F)(F)C(F)(F)C(F)(F)C(F)(F)C(F)(F)[S](=O)(=O)N(CC)CCO[P](=O)(O[H])O[H],5.91
O=P(O)(O)OCCC(F)(F)C(F)(F)C(F)(F)C(F)(F)F,2.99
CN(S(=O)(C(F)(F)C(F)(F)C(F)(F)C(F)(F)C(F)(F)C(F)(F)C(F)(F)C(F)(F)F)=O)C,6.48
C(N([S](=O)(=O)C(F)(F)C(F)(F)C(F)(F)C(F)(F)F)CCOC(=O)C=C)C,4.68
C(N([S](=O)(=O)C(F)(F)C(F)(F)C(F)(F)C(F)(F)C(F)(F)C(F)(F)F)CCOC(=O)C=C)C,6.02
C(N([S](=O)(=O)C(F)(F)C(F)(F)C(F)(F)C(F)(F)C(F)(F)C(F)(F)C(F)(F)F)CCOC(=O)C=C)C,6.69
C(N([S](=O)(=O)C(F)(F)C(F)(F)C(F)(F)C(F)(F)C(F)(F)C(F)(F)C(F)(F)F)C)COC(=O)C(=C)C,6.74
C(N([S](=O)(=O)C(F)(F)C(F)(F)C(F)(F)C(F)(F)C(F)(F)C(F)(F)C(F)(F)C(F)(F)F)C)COC(=O)C(=C)C,7.41
C(N([S](=O)(=O)C(F)(F)C(F)(F)C(F)(F)C(F)(F)F)CC(=O)O)C,3.55
C(N([S](=O)(=O)C(F)(F)C(F)(F)C(F)(F)C(F)(F)C(F)(F)F)CC(=O)O)C,4.22
C(N([S](=O)(=O)C(F)(F)C(F)(F)C(F)(F)C(F)(F)C(F)(F)C(F)(F)F)CC(=O)O)C,4.89
C(N([S](=O)(=O)C(F)(F)C(F)(F)C(F)(F)C(F)(F)C(F)(F)C(F)(F)F)CC(=O)OCC)C,5.66
C(N([S](=O)(=O)C(F)(F)C(F)(F)C(F)(F)C(F)(F)C(F)(F)C(F)(F)C(F)(F)F)CC(=O)O)C,5.56
C(N([S](=O)(=O)C(F)(F)C(F)(F)C(F)(F)C(F)(F)C(F)(F)C(F)(F)C(F)(F)F)CC(=O)OCC)C,6.33
O=C(F)C(F)(F)C(F)(F)C(F)(F)C(F)(F)C(F)(F)F,2.6
O=C(C(C(C(C(C(C(C(F)(F)F)(F)F)(F)F)(F)F)(F)F)(F)F)(F)F)F,3.94
O=C(C(C(C(F)(F)F)(F)F)(F)F)F,1.27
O=C(C(C(F)(F)C(F)(F)C(F)F)(F)F)O,2.2
O=[S](O)(=O)C(F)(F)C(F)(F)C(F)(F)C(F)F,1.21
C(O)CN([S](=O)(=O)C(F)(F)C(F)(F)C(F)(F)C(F)F)C,2.22
C(F)(F)=C(F)OC(F)(F)C(F)(F)C(F)(F)C(F)(F)C(F)F,3.78
C(C)CCC(=O)OCC(C(C(C(CCC)(F)F)(F)F)(F)F)(F)F,6.59
C(C(C(C(C(C(C(=O)Cl)(F)F)(F)F)(F)F)(F)F)(F)F)(F)F,2.98
O=C(F)C(F)(F)C(F)(F)C(F)(F)C(F)(F)C(F)(F)C(F)(F)F,3.27
C(O)CN([S](=O)(=O)C(F)(F)C(F)(F)C(F)(F)C(F)F)CCO,1.65
O=C(C(C(C(C(C(C(C(C(F)F)(F)F)(F)F)(F)F)(F)F)(F)F)(F)F)(F)F)O,4.88
FC(F)(F)C(F)(F)C(F)(F)C(F)(F)C(F)(F)C(F)(F)C(F)(F)Br,5.9
O=[S](C1(C(C(C(C(C1(F)F)(F)F)(F)F)(F)F)(C(F)(F)F)F)C(F)(F)F)(=O)F,5.67
O=C(C(C(C(C(C(C(C(C(F)F)(F)F)(F)F)(F)F)(F)F)(F)F)(F)F)(F)F)Cl,4.32
O=C(C(C(C(C(C(C(C(C(C(C(F)F)(F)F)(F)F)(F)F)(F)F)(F)F)(F)F)(F)F)(F)F)(F)F)O,6.21
FC(F)C(F)(F)C(F)(F)C(F)(F)[S](=O)(=O)O[S](=O)(=O)C(F)(F)C(F)(F)C(F)(F)C(F)F,7.06
FC(C(C(C(C(C(F)(F)Br)(F)F)(F)F)(F)F)(F)F)(C(C(C(C(F)(F)F)(F)F)(F)F)(F)F)F,7.91
C1=CC(=CC=C1[S](Cl)(=O)=O)OC(C(F)(F)F)=C(C(F)(F)F)C(C(F)(F)F)(C(F)(F)C(F)(F)F)C(F)(F)C(F)(F)F,10.26
[C@H](CCCC)(C(=O)NC1=CC=C(C(=C1)O)NC(=O)C(C(C(C(F)F)(F)F)(F)F)(F)F)OC2=CC=C(C=C2C(CC)(C)C)C(CC)(C)C,10.9
FC(C(C(C(C(C(C(=O)OOC(=O)C(C(C(C(C(C(F)F)(F)F)(F)F)(F)F)(F)F)(F)F)(F)F)(F)F)(F)F)(F)F)(F)F)F,7.42
C1=CC(=CC=C1[S](=O)(=O)N(CCO[P](=O)(O)O)C)OC(=C(C(F)(F)F)C(C(F)(F)F)(C(F)(F)C(F)(F)F)C(F)(F)C(F)(F)F)C(F)(F)F,7.31
O=[S](C(C(C(C(C(C(F)(F)F)(F)F)(F)F)(F)F)(F)F)(F)F)(=O)F,6.5
O=[S](F)(=O)C(F)(F)C(F)(F)C(F)(F)C(F)(F)C(F)(F)C(F)(F)C(F)(F)F,7.17
O=[S](C(C(C(C(C(C(C(C(F)(F)F)(F)F)(F)F)(F)F)(F)F)(F)F)(F)F)(F)F)(=O)F,7.84
O=[S](C(C(C(C(C(C(C(C(C(C(F)(F)F)(F)F)(F)F)(F)F)(F)F)(F)F)(F)F)(F)F)(F)F)(F)F)(=O)F,9.17
O=[S](C(C(C(C(F)(F)F)(F)F)(F)F)(F)F)(=O)F,5.16
OC(C(C(F)(F)F)(F)F)(C(C(F)(F)F)(F)F)C(C(F)(F)F)(F)F,4.88
FC1(N(C(C(F)(F)C(C1(F)F)(F)F)(F)F)C(F)(F)F)F,2.6
FC1(F)C(F)(F)C(F)(F)C(F)(F)C(N1C(F)(F)C(F)(F)F)(F)F,3.56
FC(N(C(C(C(C(F)(F)F)(F)F)(F)F)(F)F)C(C(C(C(F)(F)F)(F)F)(F)F)(F)F)(C(C(C(F)(F)F)(F)F)(F)F)F,8.2
FC(C(C(C(C(N(C(F)(F)C(F)(F)C(F)(F)C(F)(F)C(F)(F)F)C(C(C(C(C(F)(F)F)(F)F)(F)F)(F)F)(F)F)(F)F)(F)F)(F)F)(F)F)(F)F,10.21
C(C(C(F)(F)F)(C(F)(F)F)F)OC(F)F,2.56
C(OC(F)(F)C(F)(F)C(F)(F)C(F)(F)F)C,3.83
O1C(F)(C(F)(F)C(F)(F)C(F)(F)C1(F)F)C(F)(F)F,4.26
O1C(F)(F)C(F)(F)C(F)(F)C(C(C1(F)F)(F)F)(F)F,3.74
C1(C(C(C(F)(O1)F)(F)F)(F)F)C(C(F)(F)F)(C(F)(F)F)C(F)(F)F,5.41
CCOC(C(C(F)(F)F)(C(F)(F)F)F)(C(C(C(F)(F)F)(F)F)(F)F)F,5.77
O1C(C(C(C(F)(F)C(F)(F)F)(F)F)(F)F)(C(C(C1(F)F)(F)F)(F)F)F,6.13
O1C(F)(C(C(F)(C1(F)C(F)(F)F)C(F)(F)F)(C(F)(F)C(F)(F)F)C(F)(F)F)C(F)(F)F,7.22
O1C(F)(F)C(F)(F)C(C(C1(F)C(F)(F)C(F)(F)C(F)(F)C(F)(F)C(F)(F)C(F)(F)C(F)(F)C(F)(F)C(F)(F)F)(F)F)(F)F,9.91
FC(C(C(F)(F)I)(F)F)(C(F)(F)F)F,4.31
FC(C(C(F)(F)F)(C(F)(F)F)I)(F)F,4.2
FC(I)(F)C(F)(F)C(F)(F)C(F)(F)C(F)(F)F,4.98
FC(C(C(C(F)(F)I)(F)F)(F)F)(C(C(F)(F)F)(F)F)F,5.65
FC(F)(F)C(F)(F)C(F)(F)C(F)(F)C(F)(F)C(F)(F)C(F)(F)I,6.32
FC(C(C(C(C(F)(F)I)(F)F)(F)F)(F)F)(C(C(C(F)(F)F)(F)F)(F)F)F,6.99
FC(I)(F)C(F)(F)C(F)(F)C(F)(F)C(F)(F)C(F)(F)C(F)(F)C(F)(F)C(F)(F)F,7.66
FC(C(C(F)(F)F)(C(F)(F)F)F)(C(C(C(C(C(F)(F)I)(F)F)(F)F)(F)F)(F)F)F,7.84
FC(C(C(C(C(C(F)(F)I)(F)F)(F)F)(F)F)(F)F)(C(C(C(C(F)(F)F)(F)F)(F)F)(F)F)F,8.33
FC(C(C(C(C(C(C(C(C(F)(F)I)(F)F)(F)F)(F)F)(F)F)(F)F)(F)F)(F)F)(C(F)(F)F)C(F)(F)F,9.18
FC(C(C(C(C(C(C(F)(F)I)(F)F)(F)F)(F)F)(F)F)(F)F)(C(C(C(C(C(F)(F)F)(F)F)(F)F)(F)F)(F)F)F,9.66
FC(I)(F)C(F)(F)C(F)(F)C(F)(F)C(F)(F)C(F)(F)C(F)(F)C(F)(F)C(F)(F)C(F)(F)C(F)(C(F)(F)F)C(F)(F)F,10.52
FC(F)(F)C(F)(F)C(F)(F)C(F)(F)C(F)(F)C(F)(F)C(F)(F)C(F)(F)C(F)(F)C(F)(F)C(F)(F)C(F)(F)C(F)(F)I,10.33
FC(I)(F)C(F)(F)C(F)(F)C(F)(F)C(F)(F)C(F)(F)C(F)(F)C(F)(F)C(F)(F)C(F)(F)C(F)(F)C(F)(F)C(F)(F)C(F)(F)F,11
FC(I)(F)C(F)(F)C(F)(F)C(F)(F)C(F)(F)C(F)(F)C(F)(F)C(F)(F)C(F)(F)C(F)(F)C(F)(F)C(F)(F)C(F)(C(F)(F)F)C(F)(F)F,11.86
FC(F)(F)C(F)(F)C(F)(F)C(F)(F)C(F)(F)C(F)(F)C(F)(F)C(F)(F)C(F)(F)C(F)(F)C(F)(F)C(F)(F)C(F)(F)C(F)(F)C(F)(F)I,11.67
FC(I)(F)C(F)(F)C(F)(F)C(F)(F)C(F)(F)C(F)(F)C(F)(F)C(F)(F)C(F)(F)C(F)(F)C(F)(F)C(F)(F)C(F)(F)C(F)(F)C(F)(F)C(F)(F)F,12.34
FC(C(C(C(C(C(C(C(C(C(C(C(C(C(C(C(C(C(F)(F)F)(F)F)(F)F)(F)F)(F)F)(F)F)(F)F)(F)F)(F)F)(F)F)(F)F)(F)F)(F)F)(F)F)(F)F)(F)F)(F)F)(I)F,13.68
FC(C(C(C(C(C(C(C(C(C(C(C(C(C(C(C(C(C(C(C(F)(F)F)(F)F)(F)F)(F)F)(F)F)(F)F)(F)F)(F)F)(F)F)(F)F)(F)F)(F)F)(F)F)(F)F)(F)F)(F)F)(F)F)(F)F)(F)F)(I)F,15.02
FC(I)(F)C(F)(F)C(F)(F)C(F)(F)C(F)(F)C(F)(F)C(F)(F)C(F)(F)C(F)(F)C(F)(F)C(F)(F)C(F)(F)C(F)(F)C(F)(F)C(F)(F)C(F)(F)C(F)(F)C(F)(F)C(F)(F)C(F)(F)C(F)(F)C(F)(F)F,16.35
FC(I)(F)C(F)(F)C(F)(F)C(F)(F)C(F)(F)C(F)(F)C(F)(F)C(F)(F)C(F)(F)C(F)(F)C(F)(F)C(F)(F)C(F)(F)C(F)(F)C(F)(F)C(F)(F)C(F)(F)C(F)(F)C(F)(F)C(F)(F)C(F)(F)C(F)(F)C(F)(F)C(F)(F)F,17.69
FC(I)(F)C(F)(F)C(F)(F)C(F)(F)C(F)(F)C(F)(F)C(F)(F)C(F)(F)C(F)(F)C(F)(F)C(F)(F)C(F)(F)C(F)(F)C(F)(F)C(F)(F)C(F)(F)C(F)(F)C(F)(F)C(F)(F)C(F)(F)C(F)(F)C(F)(F)C(F)(F)C(F)(F)C(F)(F)C(F)(F)F,19.03
C(C(C(C(C(C(C(C(C(F)F)(F)F)(F)F)(F)F)(F)F)(F)F)(F)F)(F)F)OC(C=C)=O,6.01
C(C(C(C(C(F)F)(F)F)(F)F)(F)F)O,1.97
C(C(C(C(C(C(C(F)F)(F)F)(F)F)(F)F)(F)F)(F)F)O,3.31
C(C(C(C(C(C(C(C(C(F)F)(F)F)(F)F)(F)F)(F)F)(F)F)(F)F)(F)F)O,4.65
C(C(F)(C(C(F)(C(C(F)(C(C(F)(C(C(F)(C(F)F)F)(F)F)F)(F)F)F)(F)F)F)(F)F)F)O,5.99
FC(F)(F)C(F)(F)C(F)(F)C(F)(F)C(O)O,2.35
FC(C(F)(F)C(F)(F)C(F)(F)C(O)O)(F)C(F)(F)C(F)(F)F,3.69
FC(C(F)(F)C(F)(F)C(F)(F)C(O)O)(F)C(F)(F)C(F)(C(F)(F)C(F)(F)F)F,5.02
FC(C(F)(F)C(F)(F)C(F)(F)C(O)O)(F)C(F)(F)C(F)(C(F)(F)C(F)(C(F)(F)C(F)(F)F)F)F,6.36
FC(F)(F)C(F)(F)C(F)(F)C(F)(F)C=O,2.55
O=CC(F)(F)C(F)(F)C(F)(F)C(F)(F)C(F)(C(F)(F)F)F,3.89
O=CC(F)(F)C(F)(F)C(F)(F)C(F)(F)C(F)(C(F)(C(F)(F)F)F)F,4.56
O=CC(F)(F)C(F)(F)C(F)(F)C(F)(F)C(F)(C(F)(C(F)(F)C(F)(F)F)F)F,5.23
O=CC(F)(F)C(F)(F)C(F)(F)C(F)(F)C(F)(C(F)(C(F)(F)C(F)(F)C(F)(C(F)(F)F)F)F)F,6.57
C(OC=C)C(F)(F)C(F)(F)C(F)(F)C(F)F,3.03
C(OC=C)C(F)(F)C(F)(F)C(F)(F)C(F)(F)C(F)(F)C(F)F,4.36
C(OC=C)C(F)(F)C(F)(F)C(F)(F)C(F)(F)C(F)(F)C(F)(F)C(F)(F)C(F)F,5.7
C(OC=C)C(F)(F)C(F)(F)C(F)(F)C(F)(F)C(F)(F)C(F)(F)C(F)(F)C(F)(F)C(F)(F)C(F)F,7.04
O=[S](F)(=O)C(F)(F)C(F)(F)C(F)(F)C(F)(F)C(F)(F)F,5.83
C(C(C(C(C(C(C(C(C(F)(F)F)(F)F)(F)F)(F)F)(F)F)(F)F)(F)F)(F)F)C1CO1,6.26
C(C(C(C(C(C(C(C(C(F)(F)F)(C(F)(F)F)F)(F)F)(F)F)(F)F)(F)F)(F)F)(F)F)C1CO1,7.12
C(C(F)(F)C(F)(F)C(F)(F)C(F)(F)C(F)(F)C(F)(F)C(F)(C(F)(F)F)C(F)(F)F)C1OC(OC1)(C)C,8.43
C(C(C(C(C(C(C(C(C(C(C(F)(F)F)(C(F)(F)F)F)(F)F)(F)F)(F)F)(F)F)(F)F)(F)F)(F)F)(F)F)C1CO1,8.45
C(C(C(C(C(C(C(C(C(C(C(C(C(F)(F)F)(C(F)(F)F)F)(F)F)(F)F)(F)F)(F)F)(F)F)(F)F)(F)F)(F)F)(F)F)(F)F)C1OC1,9.79
C(C1OC1)C(F)(F)C(F)(F)C(F)(F)C(F)(F)C(F)(F)C(F)(F)C(F)(F)C(F)(C(F)(F)C(F)(F)C(F)(F)C(F)(F)C(F)(C(F)(F)F)C(F)(F)F)F,11.13
C(C(C(C(C(C(C(C(C(C(C(C(C(C(C(C(C(F)(F)F)(C(F)(F)F)F)(F)F)(F)F)(F)F)(F)F)(F)F)(F)F)(F)F)(F)F)(F)F)(F)F)(F)F)(F)F)(F)F)(F)F)C1OC1,12.47
C(C(C(C(C(C(C(C(C(F)F)(F)F)(F)F)(F)F)(F)F)(F)F)(F)F)(F)F)OC(C(C)=C)=O,6.55
P(=O)(OCC(C(C(C(F)F)(F)F)(F)F)(F)F)(OCC(C(C(C(F)F)(F)F)(F)F)(F)F)OCC(C(C(C(F)F)(F)F)(F)F)(F)F,7.21
C(C(F)(F)C(F)(F)C(F)(F)C(F)(F)C(F)(F)C(F)(F)C(F)(C(F)(F)F)C(F)(F)F)CO[P](OCCC(F)(F)C(F)(F)C(F)(F)C(F)(F)C(F)(F)C(F)(F)C(F)(C(F)(F)F)C(F)(F)F)(O)=O,13.81
C(N([S](=O)(=O)C(F)(F)C(F)(F)C(F)(F)C(F)(F)F)C)CCCOC(=O)C=C,5.17
C(N([S](=O)(=O)C(F)(F)C(F)(F)C(F)(F)C(F)(F)C(F)(F)F)CCOC(=O)C=C)C,5.35
C(N([S](=O)(=O)C(F)(F)C(F)(F)C(F)(F)C(F)(F)C(F)(F)F)C)CCCOC(=O)C=C,5.84
C(N([S](=O)(=O)C(F)(F)C(F)(F)C(F)(F)C(F)(F)C(F)(F)C(F)(F)F)C)COC(=O)C=C,5.53
C(N([S](=O)(=O)C(F)(F)C(F)(F)C(F)(F)C(F)(F)C(F)(F)C(F)(F)F)C)CCCOC(=O)C=C,6.51
C(N([S](=O)(=O)C(F)(F)C(F)(F)C(F)(F)C(F)(F)C(F)(F)C(F)(F)C(F)(F)F)C)COC(=O)C=C,6.2
C(N([S](=O)(=O)C(F)(F)C(F)(F)C(F)(F)C(F)(F)C(F)(F)C(F)(F)C(F)(F)F)CCOC(=O)C=C)CCC,7.67
C(N([S](=O)(=O)C(F)(F)C(F)(F)C(F)(F)C(F)(F)F)C)COC(=O)C(=C)C,4.74
C(N([S](=O)(=O)C(F)(F)C(F)(F)C(F)(F)C(F)(F)F)CCOC(=O)C(=C)C)C,5.23
C(N([S](=O)(=O)C(F)(F)C(F)(F)C(F)(F)C(F)(F)C(F)(F)F)C)COC(=O)C(=C)C,5.41
C(N([S](=O)(=O)C(F)(F)C(F)(F)C(F)(F)C(F)(F)C(F)(F)F)CCOC(=O)C(=C)C)C,5.9
C(N([S](=O)(=O)C(F)(F)C(F)(F)C(F)(F)C(F)(F)C(F)(F)F)C)CCCOC(=O)C(=C)C,6.39
C(N([S](=O)(=O)C(F)(F)C(F)(F)C(F)(F)C(F)(F)C(F)(F)C(F)(F)F)C)COC(=O)C(=C)C,6.07
C(N([S](=O)(=O)C(F)(F)C(F)(F)C(F)(F)C(F)(F)C(F)(F)C(F)(F)F)CCOC(=O)C(=C)C)C,6.57
C(N([S](=O)(=O)C(F)(F)C(F)(F)C(F)(F)C(F)(F)C(F)(F)C(F)(F)F)C)CCCOC(=O)C(=C)C,7.06
C(N([S](=O)(=O)C(F)(F)C(F)(F)C(F)(F)C(F)(F)C(F)(F)C(F)(F)C(F)(F)F)C)CCCOC(=O)C=C,7.18
C(N([S](=O)(=O)C(F)(F)C(F)(F)C(F)(F)C(F)(F)C(F)(F)C(F)(F)C(F)(F)F)CCOC(=O)C(=C)C)C,7.23
C(N([S](=O)(=O)C(F)(F)C(F)(F)C(F)(F)C(F)(F)F)CCO[P](=O)(O)O)C,3.24
C(N([S](=O)(=O)C(F)(F)C(F)(F)C(F)(F)C(F)(F)C(F)(F)F)CCO[P](=O)(O)O)C,3.91
C(N([S](=O)(=O)C(F)(F)C(F)(F)C(F)(F)C(F)(F)C(F)(F)C(F)(F)C(F)(F)F)CCO[P](=O)(O)O)C,5.25
C(CO[P](=O)(O)OCCN([S](C(C(C(C(C(F)(F)F)(F)F)(F)F)(F)F)(F)F)(=O)=O)CC)N([S](C(C(C(C(C(F)(F)F)(F)F)(F)F)(F)F)(F)F)(=O)=O)CC,8.58
CN[S](=O)(=O)C(F)(F)C(F)(F)C(F)(F)C(F)(F)F,3.59
CN[S](=O)(=O)C(F)(F)C(F)(F)C(F)(F)C(F)(F)C(F)(F)F,4.26
CN[S](=O)(=O)C(F)(F)C(F)(F)C(F)(F)C(F)(F)C(F)(F)C(F)(F)F,4.93
C(N([S](=O)(=O)C(F)(F)C(F)(F)C(F)(F)C(F)(F)F)CC(=O)OCC)C,4.33
C(N[S](=O)(=O)C(F)(F)C(F)(F)C(F)(F)C(F)(F)C(F)(F)F)CCN(C)C,4.45
C(N[S](=O)(=O)C(F)(F)C(F)(F)C(F)(F)C(F)(F)C(F)(F)C(F)(F)F)C=C,5.78
C(N([S](=O)(=O)C(F)(F)C(F)(F)C(F)(F)C(F)(F)C(F)(F)C(F)(F)F)C)CO,4.17
CN[S](=O)(=O)C(F)(F)C(F)(F)C(F)(F)C(F)(F)C(F)(F)C(F)(F)C(F)(F)F,5.6
C(N[S](=O)(=O)C(F)(F)C(F)(F)C(F)(F)C(F)(F)C(F)(F)C(F)(F)C(F)(F)F)C,6.09
C(N[S](=O)(=O)C(F)(F)C(F)(F)C(F)(F)C(F)(F)C(F)(F)C(F)(F)F)CCN(C)C,5.12
C(N[S](=O)(=O)C(F)(F)C(F)(F)C(F)(F)C(F)(F)C(F)(F)C(F)(F)C(F)(F)F)C=C,6.44
C(N([S](=O)(=O)C(F)(F)C(F)(F)C(F)(F)C(F)(F)C(F)(F)C(F)(F)C(F)(F)F)C)CO,4.84
C(N([S](=O)(=O)C(F)(F)C(F)(F)C(F)(F)C(F)(F)C(F)(F)C(F)(F)C(F)(F)F)CC=C)C,7.15
C(N([S](=O)(=O)C(F)(F)C(F)(F)C(F)(F)C(F)(F)C(F)(F)F)C)CCCO,4.48
C(N[S](=O)(=O)C(F)(F)C(F)(F)C(F)(F)C(F)(F)C(F)(F)C(F)(F)C(F)(F)F)CCN(C)C,5.79
C(N([S](=O)(=O)C(F)(F)C(F)(F)C(F)(F)C(F)(F)C(F)(F)C(F)(F)C(F)(F)F)C)CCCO,5.82
C(N([S](=O)(=O)C(F)(F)C(F)(F)C(F)(F)C(F)(F)C(F)(F)C(F)(F)C(F)(F)F)CCCC)CO,6.31
O=[S](C(C(C(C(C(C(F)(F)F)(F)F)(F)F)(F)F)(F)F)(F)F)(=O)Cl,6.81
C(C(C(C(C(F)(F)F)(F)F)(F)F)(F)F)(C(C(C(C(F)(F)S(=O)(=O)F)(F)F)(F)F)(F)F)(F)F,8.5
FC(C(F)(C(O)=O)F)(C(F)(C(F)(C(F)(C(F)(C(F)(C(F)(C(F)(C(F)(F)C(F)(F)C(F)(F)C(F)(F)C(F)(F)F)F)F)F)F)F)F)F)F,9.5
FC(C(F)(C(O)=O)F)(C(F)(C(F)(C(F)(C(F)(C(F)(C(F)(C(F)(C(F)(F)C(F)(F)C(F)(F)C(F)(F)C(F)(C(F)(F)C(F)(F)F)F)F)F)F)F)F)F)F)F,10.84
O=C(C(C(C(C(C(F)(F)F)(F)C(F)(F)F)(F)F)(F)F)(F)F)O,4.33
O=C(F)C(F)(F)C(F)(F)C(F)(F)C(F)(C(F)(F)F)C(F)(F)F,3.46
O=C(C(C(C(C(C(C(C(F)(F)F)(C(F)(F)F)F)(F)F)(F)F)(F)F)(F)F)(F)F)O,5.67
O=C(F)C(F)(F)C(F)(F)C(F)(F)C(F)(F)C(F)(F)C(F)(C(F)(F)F)C(F)(F)F,4.8
O=C(C(C(C(C(C(C(C(C(C(F)(F)F)(F)C(F)(F)F)(F)F)(F)F)(F)F)(F)F)(F)F)(F)F)(F)F)O,7.01
O=C(F)C(F)(F)C(F)(F)C(F)(F)C(F)(F)C(F)(F)C(F)(F)C(F)(F)C(F)(C(F)(F)F)C(F)(F)F,6.14
O=C(C(C(C(C(C(C(C(C(C(C(C(F)(F)F)(F)C(F)(F)F)(F)F)(F)F)(F)F)(F)F)(F)F)(F)F)(F)F)(F)F)(F)F)O,8.35
O=C(O)C(F)(F)C(F)(F)C(F)(F)C(F)(F)C(F)(F)C(F)(F)C(F)(F)C(F)(F)C(F)(F)C(F)(F)C(F)(F)C(F)(F)F,8.16
O=C(F)C(F)(F)C(F)(F)C(F)(F)C(F)(F)C(F)(F)C(F)(F)C(F)(F)C(F)(F)C(F)(F)C(F)(C(F)(F)F)C(F)(F)F,7.47
C1C[N+](CCN1C(=O)C(C(C(C(C(C(C(C(C(F)(F)F)(F)F)(F)F)(F)F)(F)F)(F)F)(F)F)(F)F)(F)F)(CCO)CC(=O)[O-],3.11
O=C(C(C(C(C(C(C(C(C(C(C(C(C(C(F)(F)F)(F)F)(F)F)(F)F)(F)F)(F)F)(F)F)(F)F)(F)F)(F)F)(F)F)(F)F)(F)F)O,8.83
O=C(C(C(C(C(C(C(C(C(C(C(C(C(C(F)(F)F)(F)C(F)(F)F)(F)F)(F)F)(F)F)(F)F)(F)F)(F)F)(F)F)(F)F)(F)F)(F)F)(F)F)O,9.68
O=C(F)C(F)(F)C(F)(F)C(F)(F)C(F)(F)C(F)(F)C(F)(F)C(F)(F)C(F)(F)C(F)(F)C(F)(F)C(F)(F)C(F)(C(F)(F)F)C(F)(F)F,8.81
O=C(C(C(C(C(C(C(C(C(C(C(C(C(C(C(C(F)(F)F)(F)F)(F)F)(F)F)(F)F)(F)F)(F)F)(F)F)(F)F)(F)F)(F)F)(F)F)(F)F)(F)F)(F)F)O,10.17
O=C(C(C(C(C(C(C(C(C(C(C(C(C(C(C(C(C(C(F)(F)F)(F)F)(F)F)(F)F)(F)F)(F)F)(F)F)(F)F)(F)F)(F)F)(F)F)(F)F)(F)F)(F)F)(F)F)(F)F)(F)F)O,11.51
O=C(O)C(F)(F)C(F)(F)C(F)(F)C(F)(F)C(F)(F)C(F)(F)C(F)(F)C(F)(F)C(F)(F)C(F)(F)C(F)(F)C(F)(F)C(F)(F)C(F)(F)C(F)(F)C(F)(F)C(F)(F)C(F)(F)C(F)(F)F,12.84
FC(F)(C(F)(F)P(O)(=O)O)C(F)(F)C(F)(F)C(F)(F)C(F)(F)F,3.06
C(C(C(C(C(F)(F)P(=O)(O)O)(F)F)(F)F)(F)F)(C(C(C(F)(F)F)(F)F)(F)F)(F)F,4.4
C(C(C(C(C(C(F)(F)P(=O)(O)O)(F)F)(F)F)(F)F)(F)F)(C(C(C(C(F)(F)F)(F)F)(F)F)(F)F)(F)F,5.74
C(C(C(F)(F)P(=O)(O)O)(F)F)(C(F)(F)F)(F)F,1.72
FC(F)(P(C(F)(F)C(F)(F)C(F)(F)C(F)(F)C(F)(F)C(F)(F)F)(O)=O)C(F)(F)C(F)(F)C(F)(F)F,5.62
C(C(C(C(F)(F)P(=O)(C(C(C(C(C(C(F)(F)F)(F)F)(F)F)(F)F)(F)F)(F)F)O)(F)F)(F)F)(C(C(F)(F)F)(F)F)(F)F,6.96
C(C(C(C(C(F)(F)P(=O)(C(C(C(C(C(C(F)(F)F)(F)F)(F)F)(F)F)(F)F)(F)F)O)(F)F)(F)F)(F)F)(C(C(C(F)(F)F)(F)F)(F)F)(F)F,8.3
C(C(C(C(C(F)(F)P(=O)(C(C(C(C(C(C(C(C(F)(F)F)(F)F)(F)F)(F)F)(F)F)(F)F)(F)F)(F)F)O)(F)F)(F)F)(F)F)(C(C(C(F)(F)F)(F)F)(F)F)(F)F,9.64
C(C(C(C(C(C(F)(F)P(=O)(C(C(C(C(C(C(C(C(F)(F)F)(F)F)(F)F)(F)F)(F)F)(F)F)(F)F)(F)F)O)(F)F)(F)F)(F)F)(F)F)(C(C(C(C(F)(F)F)(F)F)(F)F)(F)F)(F)F,10.98
FC(F)(P(C(F)(F)C(F)(F)C(F)(F)C(F)(F)C(F)(F)C(F)(F)C(F)(F)C(F)(C(F)(F)C(F)(F)F)F)(O)=O)C(F)(F)C(F)(F)C(F)(F)C(F)(F)C(F)(F)C(F)(F)C(F)(F)C(F)(F)C(F)(F)F,12.31
C(C(C(F)(F)P(=O)(C(C(C(C(F)(F)F)(F)F)(F)F)(F)F)O)(F)F)(C(F)(F)F)(F)F,4.28
O=[S](=O)(O)C(F)(F)C(F)(F)C(F)(F)C(F)(F)C(F)(F)F,2.49
O=[S](=O)(O)C(F)(F)C(F)(F)C(F)(F)C(F)(F)C(F)(F)C(F)(F)C(F)(F)F,3.82
O=[S](=O)(O)C(F)(F)C(F)(F)C(F)(F)C(F)(F)C(F)(F)C(F)(F)C(F)(F)C(F)(F)C(F)(F)F,5.16
FC(F)(C(F)(F)C(F)(F)F)C(F)(F)C(F)(F)C(F)(F)CCCCCCCC,8.82
[H]CCC(F)(F)C(F)(F)C(F)(F)C(F)(F)C(F)(F)C(F)(F)C(F)(F)C(F)(F)F,7.21
CCCCCCCCCCCCCCCCC(F)(F)C(F)(F)C(F)(F)C(F)(F)C(F)(F)C(F)(F)F,12.75
CCCCCCCCCCCCCCCCC(C(C(C(C(C(C(C(F)(F)F)(F)F)(F)F)(F)F)(F)F)(F)F)(F)F)(F)F,14.09
FC(F)(F)C(F)(F)C(F)(F)C(F)(F)C(F)(F)C(F)(F)C(F)(F)C(F)(F)C(F)(F)C(F)(F)C(F)(F)C(F)(F)C(F)(F)C(F)(F)C(F)(F)C(F)(F)CCCCCCCCCCCCCCCC,19.44
FC(F)(F)C(F)(F)C(F)(F)C(F)(F)C(F)(F)C(F)(F)/C=C/CCCCCCCCCCCCCC[H],12.53
FC(C(F)(F)C(F)(F)C(F)(F)C(F)(F)C(F)(F)/C=C/CCCCCCCCCCCCCC[H])(F)C(F)(F)C(F)(F)F,13.87
FC(C(F)(F)C(F)(F)C(F)(F)C(F)(F)C(F)(F)/C=C/CCCCCCCCCCCCCC[H])(F)C(F)(F)C(F)(F)C(F)(F)C(F)(F)C(F)(F)C(F)(F)C(F)(F)C(F)(F)C(F)(F)C(F)(F)F,19.22
C(N([S](=O)(=O)C(F)(F)C(F)(F)C(F)(F)C(F)(F)F)C)CCCOC(=O)C(=C)C,5.72
C(N([S](=O)(=O)C(F)(F)C(F)(F)C(F)(F)C(F)(F)C(F)(F)C(F)(F)C(F)(F)F)C)CCCOC(=O)C(=C)C,7.73
C(N([S](=O)(=O)C(F)(F)C(F)(F)C(F)(F)C(F)(F)C(F)(F)C(F)(F)C(F)(F)F)CCC[P](=O)(O)O)C,5.45
O=[S]1(C(C(C(C1(F)F)(F)F)(F)F)(F)F)=O,2.08
C(N[S](=O)(=O)C(F)(F)C(F)(F)C(F)(F)C(F)(F)F)C=C,4.44
O=[S](F)(=O)C1(F)C(F)(F)C(F)(F)C(F)(F)C(C1(F)F)(F)F,4.94
C(N([S](=O)(=O)C(C(C(C(F)(F)F)(F)F)(F)F)(F)F)CCO)CO,2.26
C(N[S](=O)(=O)C(F)(F)C(F)(F)C(F)(F)C(F)(F)C(F)(F)F)C=C,5.11
C1=CC=C(C=C1)CN[S](=O)(=O)C(F)(F)C(F)(F)C(F)(F)C(F)(F)F,5.3
C1=CC=C(C=C1)CN[S](=O)(=O)C(F)(F)C(F)(F)C(F)(F)C(F)(F)C(F)(F)F,5.97
C(N([S](=O)(=O)C(F)(F)C(F)(F)C(F)(F)C(F)(F)C(F)(F)F)CC(=O)OCC)C,4.99
C(N([S](=O)(=O)C(F)(F)C(F)(F)C(F)(F)C(F)(F)C(F)(F)C(F)(F)F)C)CCCO,5.15
C1=CC=C(C=C1)CN[S](=O)(=O)C(F)(F)C(F)(F)C(F)(F)C(F)(F)C(F)(F)C(F)(F)F,6.64
N[S](=O)(=O)C(F)(F)C(F)(F)C(F)(F)C(F)(F)C(F)(F)C(F)(C(F)(F)F)C(F)(F)F,5.99
CN[S](=O)(=O)C(F)(F)C(F)(F)C(F)(F)C(F)(F)C(F)(F)C(F)(C(F)(F)F)C(F)(F)F,6.45
C(N[S](=O)(=O)C(F)(F)C(F)(F)C(F)(F)C(F)(F)C(F)(F)C(F)(F)C(F)(F)C(F)(F)F)C=C,7.11
C1=CC=C(C=C1)CN[S](=O)(=O)C(F)(F)C(F)(F)C(F)(F)C(F)(F)C(F)(F)C(F)(F)C(F)(F)F,7.31
C(N([S](=O)(=O)C(F)(F)C(F)(F)C(F)(F)C(F)(F)C(F)(F)C(F)(F)F)CCO[P](=O)(O)O)C,4.58
C(N([S](C(C(C(C(C(C(C(C(F)(F)F)(F)F)(F)F)(F)F)(F)F)(F)F)(F)F)(F)F)(=O)=O)C)CO,5.51
CN(CCO)[S](=O)(=O)C(F)(F)C(F)(F)C(F)(F)C(F)(F)C(F)(F)C(F)(C(F)(F)F)C(F)(F)F,5.69
C(N([S](=O)(=O)C(F)(F)C(F)(F)C(F)(F)C(F)(F)C(F)(F)C(F)(F)C(F)(F)C(F)(F)F)CC=C)C,7.82
C(N([S](C(C(C(C(C(C(C(C(F)(F)F)(F)F)(F)F)(F)F)(F)F)(F)F)(F)F)(F)F)(=O)=O)CC)CO,6
C(N([S](=O)(=O)C(F)(F)C(F)(F)C(F)(F)C(F)(F)C(F)(F)C(F)(F)F)CCC[N+](C)(C)C)C([O-])=O,3.61
C(C(C(C(F)(F)[S](=O)(=O)O[S](C(C(C(C(F)(F)F)(F)F)(F)F)(F)F)(=O)=O)(F)F)(F)F)(F)(F)F,8.27
C(N[S](=O)(=O)C(F)(F)C(F)(F)C(F)(F)C(F)(F)C(F)(F)C(F)(F)C(F)(F)C(F)(F)F)CCN(C)C,6.46
C(N([S](C(C(C(C(C(C(C(C(F)(F)F)(F)F)(F)F)(F)F)(F)F)(F)F)(F)F)(F)F)(=O)=O)CCC)CO,6.49
C(N([S](=O)(=O)C(F)(F)C(F)(F)C(F)(F)C(F)(F)C(F)(F)C(F)(F)C(F)(F)C(F)(F)F)C)CCCO,6.49
C(O)CN([S](=O)(=O)C(F)(F)C(F)(F)C(F)(F)C(F)(F)C(F)(F)C(F)(F)C(F)(F)C(F)(F)F)CCO,4.94
OCCN(CCO)[S](=O)(=O)C(F)(F)C(F)(F)C(F)(F)C(F)(F)C(F)(F)C(F)(C(F)(F)F)C(F)(F)F,5.12
C1=CC=C(C=C1)CN[S](=O)(=O)C(F)(F)C(F)(F)C(F)(F)C(F)(F)C(F)(F)C(F)(F)C(F)(F)C(F)(F)F,7.98
C(N([S](=O)(=O)C(F)(F)C(F)(F)C(F)(F)C(F)(F)C(F)(F)C(F)(F)C(F)(F)C(F)(F)F)CCCC)CO,6.98
C(N([S](C(C(C(C(C(C(F)(F)F)(F)F)(F)F)(F)F)(F)F)(F)F)(=O)=O)CCCN(C)C)CC[S](=O)(=O)O,3.1
C[N@@](CCOC(C=C)=O)S(C(C(C(C(C(F)(F)C(C(C(F)(F)F)(F)F)(F)F)(F)F)(F)F)(F)F)(F)F)(=O)=O,6.87
C(N([S](=O)(=O)C(F)(F)C(F)(F)C(F)(F)C(F)(F)C(F)(F)C(F)(F)C(F)(F)C(F)(F)F)CC(=O)OCC)C,7
C(N([S](=O)(=O)C(C(C(C(C(C(F)(F)F)(F)F)(F)F)(F)F)(F)F)(F)F)CCOCCOCCO)CCN(C)C,3.81
CCN(CCOC(=O)C=C)[S](=O)(=O)C(F)(F)C(F)(F)C(F)(F)C(F)(F)C(F)(F)C(F)(F)C(F)(F)C(F)(F)F,7.36
CN([O-])C(CCN[S](=O)(=O)C(F)(F)C(F)(F)C(F)(F)C(F)(F)C(F)(F)C(F)(F)C(F)(F)C(F)(F)F)N(C)[O-],4.41
C(N([S](=O)(=O)C(F)(F)C(F)(F)C(F)(F)C(F)(F)C(F)(F)C(F)(F)C(F)(F)C(F)(F)F)CCOC(=O)C=C)CC,7.85
CCN(CCOC(=O)C(C)=C)[S](=O)(=O)C(F)(F)C(F)(F)C(F)(F)C(F)(F)C(F)(F)C(F)(F)C(F)(F)C(F)(F)F,7.9
C(N([S](=O)(=O)C(F)(F)C(F)(F)C(F)(F)C(F)(F)C(F)(F)C(F)(F)C(F)(F)C(F)(F)F)C)CCCOC(=O)C=C,7.85
C(N([S](=O)(=O)C(F)(F)C(F)(F)C(F)(F)C(F)(F)C(F)(F)C(F)(F)F)CCC[S]([O-])(=O)=O)CC[N+](CCO)(C)C,1.15
C(OC(C(C)=C)=O)CN(CCC)[S](=O)(=O)C(F)(F)C(F)(F)C(F)(F)C(F)(F)C(F)(F)C(F)(F)C(C(F)(F)F)(F)F,8.39
CCCCN(CCOC(=O)C=C)[S](=O)(=O)C(F)(F)C(F)(F)C(F)(F)C(F)(F)C(F)(F)C(F)(F)C(F)(F)C(F)(F)F,8.34
C(N([S](=O)(=O)C(F)(F)C(F)(F)C(F)(F)C(F)(F)C(F)(F)C(F)(F)C(F)(F)C(F)(F)F)C)CCCOC(=O)C(=C)C,8.39
C(O[P](=O)(O)O)CN([S](=O)(=O)C(F)(F)C(F)(F)C(F)(F)C(F)(F)C(F)(F)C(F)(F)C(F)(F)C(F)(F)F)CCC,6.41
CCCCCCCCCCCCCCCCCCNC(=O)c1ccc(cc1)Cc2ccc(cc2)C(=O)NCCN(CCC)S(=O)(=O)C(C(C(C(C(C(C(C(F)(F)F)(F)F)(F)F)(F)F)(F)F)(F)F)(F)F)(F)F,17.91
FC(C(C(C(C(C(C(C(F)(F)F)(F)F)(F)F)(F)F)(F)F)(F)F)(F)F)(F)S(=O)(=O)N(CCNC(=O)C=1C=C(C=CC1C)C(=O)NCCN(CCC)S(=O)(=O)C(C(C(C(C(C(C(C(F)(F)F)(F)F)(F)F)(F)F)(F)F)(F)F)(F)F)(F)F)C,14.22
C1=C(NC(OCCN([S](=O)(=O)C(F)(F)C(F)(F)C(F)(F)C(F)(F)C(F)(F)C(F)(F)C(F)(F)C(F)(F)F)CC)=O)C(=CC=C1NC(OCCN([S](=O)(=O)C(F)(F)C(F)(F)C(F)(F)C(F)(F)C(F)(F)C(F)(F)C(F)(F)C(F)(F)F)CC)=O)C,14.76
C(N([S](=O)(=O)C(F)(F)C(F)(F)C(F)(F)C(F)(F)F)CC)CO[P](=O)(O)OCCN([S](=O)(=O)C(F)(F)C(F)(F)C(F)(F)C(F)(F)F)CC,7.25
C(CO[P](=O)(O)OCCN([S](C(C(C(C(C(C(F)(F)F)(F)F)(F)F)(F)F)(F)F)(F)F)(=O)=O)CC)N([S](C(C(C(C(C(C(F)(F)F)(F)F)(F)F)(F)F)(F)F)(F)F)(=O)=O)CC,9.92
C(N([S](=O)(=O)C(F)(F)C(F)(F)C(F)(F)C(F)(F)C(F)(F)C(F)(F)C(F)(F)F)CC)CO[P](OCCN([S](=O)(=O)C(F)(F)C(F)(F)C(F)(F)C(F)(F)C(F)(F)C(F)(F)C(F)(F)F)CC)(O)=O,11.26
C(CO[P](OCCN([S](C(C(C(C(C(C(C(F)(F)F)(F)F)(F)F)(F)F)(F)F)(F)F)(F)F)(=O)=O)CC)(OCCN([S](C(C(C(C(C(C(C(F)(F)F)(F)F)(F)F)(F)F)(F)F)(F)F)(F)F)(=O)=O)CC)=O)N([S](C(C(C(C(C(C(C(F)(F)F)(F)F)(F)F)(F)F)(F)F)(F)F)(F)F)(=O)=O)CC,17.28
C(N([S](=O)(=O)C(F)(F)C(F)(F)C(F)(F)C(F)(F)C(F)(F)C(F)(F)C(F)(F)C(F)(F)F)CCC[P](=O)(O)O)C,6.12
C(N([S](=O)(=O)C(F)(F)C(F)(F)C(F)(F)C(F)(F)C(F)(F)C(F)(F)C(F)(F)F)CCC[P](=O)(OCC)OCC)C,6.85
C(N([S](=O)(=O)C(F)(F)C(F)(F)C(F)(F)C(F)(F)C(F)(F)C(F)(F)C(F)(F)C(F)(F)F)CCC[P](=O)(OCC)OCC)C,7.52
C(N([S](=O)(=O)C(F)(F)C(F)(F)C(F)(F)C(F)(F)F)C)CCCO,3.81
C(O)CN([S](=O)(=O)C(F)(F)C(F)(F)C(F)(F)C(F)(F)C(F)(F)C(F)(F)F)CCC,5.15
C(N([S](=O)(=O)C(F)(F)C(F)(F)C(F)(F)C(F)(F)C(F)(F)C(F)(F)C(F)(F)C(F)(F)F)CCC[N+](C)(C)C)C([O-])=O,4.95
C(CCN([S](=O)(=O)C(C(C(C(C(C(C(C(F)(F)F)(F)F)(F)F)(F)F)(F)F)(F)F)(F)F)(F)F)CCCN(C)C)[S](=O)(=O)O,4.44
O=[S](=O)(O)C(F)(F)C(F)(F)C(F)(F)C(F)(F)C(F)(F)C(F)(F)C(F)(F)C(F)(F)C(F)(F)C(F)(F)C(F)(F)C(F)(F)F,7.17
O=[S](=O)(C1(C(C(F)(F)C(C(C1(F)F)(F)F)(C(C(F)(F)F)(F)F)F)(F)F)F)F,7.76
C(F)(F)(F)C(F)(F)C(F)(F)C(F)(F)C(F)(F)C(F)(F)C(F)(F)C(F)(F)[S](=O)(=O)N(CC)CCO[P](=O)(OCCN(CC)[S](C(C(C(C(C(C(C(C(F)(F)F)(F)F)(F)F)(F)F)(F)F)(F)F)(F)F)(F)F)(=O)=O)OCCN(CC)[S](=O)(=O)C(C(C(C(C(C(C(C(F)(F)F)(F)F)(F)F)(F)F)(F)F)(F)F)(F)F)(F)F,19.28
O=C(C(OC(C(C(F)(F)F)(F)F)(F)F)(C(F)(F)F)F)O,3.36
FC(C(C(C(F)(F)F)(F)F)(F)F)(C(C(F)(F)F)(F)F)F,4.83
O=C(O)C(F)(F)C(F)OC(F)(F)C(F)(F)C(F)(F)OC(F)(F)F,3.56
C(C1(C(C(C(C(C1(F)F)(F)F)(F)F)(F)F)(F)F)F)OP(=O)(O)O,2.73
C1(=C(F)C(=C(C(=C1F)F)OC(F)(C(F)(F)OC(F)=C(F)F)C(F)(F)F)F)F,5.65
FC(F)(F)C(F)(F)C(F)(F)CO[P](=O)(OCC(F)(F)C(F)(F)C(F)(F)F)OCC(F)(F)C(F)(F)C(F)(F)F,7.02
C(C1(C(C(C(C(C1(F)F)(F)F)(F)F)(F)F)(F)F)F)OP(=O)(O)OCC2(C(C(C(C(C2(F)F)(F)F)(F)F)(F)F)(F)F)F,6.23
[H]c1cc(C([H])([H])c2ccc(N([H])C(=O)OCCN(CC)S(=O)(=O)C(F)(F)C(F)(F)C(F)(F)C(F)(F)C(F)(F)C(F)(F)C(F)(F)C(F)(F)F)cc2)ccc1N([H])C(=O)ON=C(C)CC.[H]N(C(=O)OCC([H])(CC)CCCC)c1ccc(Cc2ccc(N([H])C(=O)ON=C(C)CC)cc2)cc1,11.41
[K+].CN(CC(O)CC(F)(F)C(F)(F)C(F)(F)C(F)(F)C(F)(F)C(F)(F)C(F)(C(F)(F)F)C(F)(F)F)CC([O-])=O,4.45
C(NCCC[N+](CCC(O)=O)(C)C)C(O)CC(F)(F)C(F)(F)C(F)(F)C(F)(F)C(F)(F)C(F)(F)C(F)(C(F)(F)F)C(F)(F)F.[OH-],1.78
C([N+](C)(C)C)C(O)CC(F)(F)C(F)(F)C(F)(F)C(F)(F)C(F)(F)C(F)(F)C(F)(C(F)(F)F)C(F)(F)F.[I-],4.01
C(C(C(C(C(C(C(C(C(C(C(C(C(C(CC(COP(=O)([O-])[O-])O)(F)F)(F)F)(F)F)(F)F)(F)F)(F)F)(F)F)(F)F)(F)F)(F)F)(F)F)(F)F)(F)F)(C(C(F)(F)F)(C(F)(F)F)F)(F)F.[NH4+].[NH4+],10.83
C(N[S](=O)(=O)C(F)(F)C(F)(F)C(F)(F)C(F)(F)C(F)(F)C(F)(F)C(F)(F)C(F)(F)F)CC[N+](C)(C)C.C(N[S](=O)(=O)C(F)(F)C(F)(F)C(F)(F)C(F)(F)C(F)(F)C(F)(F)C(F)(F)C(F)(F)F)CC[N+](C)(C)C.O=[S]([O-])([O-])=O,5.49
C(NC(OCC)=O)C(C(F)(F)C(F)(F)C(F)(F)C(F)(F)C(F)(F)C(F)(F)F)CCS[S]([O-])(=O)=O.[K+],4.58
C(C(C(C(C(C(C(C(C(F)(F)F)(F)F)(F)F)(F)F)(F)F)(F)F)(F)F)(F)F)C[N+](C)(CCO)CCO.[I-],2.66
C1=C([S]([O-])(=O)=O)C=CC(=C1)C.C2=[N+](CCC(F)(F)C(F)(F)C(F)(F)C(F)(F)C(F)(F)C(F)(F)C(F)(F)C(F)(F)F)C=CC=C2,3.96
C(C(F)(F)C(F)(F)C(F)(F)C(F)(F)C(F)(F)C(F)(F)F)COC(=O)C([S]([O-])(=O)=O)CC(OCCC(F)(F)C(F)(F)C(F)(F)C(F)(F)C(F)(F)C(F)(F)F)=O.[K+],9.45
C1=C(OC(=C(/C(C(F)(F)C(F)(F)F)(C(F)(F)C(F)(F)F)C(F)(F)F)C(F)(F)F)C(F)(F)F)C=CC(=C1)[S]([O-])(=O)=O.[K+],6.15
C1=C(O[S](=O)(=O)C(F)(F)C(F)(F)C(F)(F)C(F)(F)F)C=CC=C1NC(=O)C2=C(C(=C(Cl)C(=C2Cl)Cl)Cl)C([O-])=O.[K+],7.61
C2=C(NC(=O)C1=C(Cl)C(=C(Cl)C(=C1C([O-])=O)Cl)Cl)C=CC=C2O[S](=O)(=O)C(F)(F)C(F)(F)C(F)(F)C(F)(F)C(F)(F)C(F)(F)C(F)(F)F.[K+],9.62
O=C([O-])C(F)(F)C(F)(F)C(F)(F)C(F)(F)C(F)(F)C(F)(F)C(Cl)(F)F.[NH4+],5.13
O=[S]([O-])C(F)(F)C(F)(F)C(F)(F)C(F)(F)C(F)(F)C(F)(F)C(F)(F)F.[K+],3.82
O=C(C(C(C(C(C(C(C(F)(F)F)(C(Cl)(F)F)F)(F)F)(F)F)(F)F)(F)F)(F)F)O.N,5.98
O=[S]([O-])C(F)(F)C(F)(F)C(F)(F)C(F)(F)C(F)(F)C(F)(F)C(F)(F)C(F)(F)F.[K+],4.49
C(N[S](C(C(C(C(F)(F)F)(F)F)(F)F)(F)F)(=O)=O)CC[N+](C)(C)C.[Cl-],2.81
C(N[S](C(C(C(C(C(F)(F)F)(F)F)(F)F)(F)F)(F)F)(=O)=O)CC[N+](C)(C)C.[Cl-],3.48
C(N[S](C(C(C(C(C(C(F)(F)F)(F)F)(F)F)(F)F)(F)F)(F)F)(=O)=O)CC[N+](C)(C)C.[I-],4.15
C(N[S](C(C(C(C(C(C(C(F)(F)F)(F)F)(F)F)(F)F)(F)F)(F)F)(F)F)(=O)=O)CC[N+](C)(C)C.[I-],4.82
O=[S]([O-])(=O)C(F)(F)C(F)(F)C(F)(F)C(F)(F)C(F)(F)C(F)(F)C(F)(F)C(F)(F)C(F)(F)C(F)(F)F.[NH4+],5.83
O=[S]([O-])(=O)C1(F)C(F)(F)C(F)(F)C(F)(F)C(F)(F)C1(F)F.[K+],1.6
[K+].C1(C(C(C(C(C1(F)F)(F)F)(F)F)(F)F)(F)F)(S(=O)(=O)[O-])C(C(F)(F)F)(F)F,2.5
FC(C(C(C(C(C(C(C(F)(F)F)(C(F)(F)F)F)(F)F)(F)F)(F)F)(F)F)(F)F)([S](=O)(=O)[O-])F.[K+],5.35
[Li+].[O-][S](=O)(=O)C(F)(F)C(F)(F)C(F)(F)C(F)(F)C(F)(F)C(F)(C(F)(F)F)C(F)(F)F,4.68
C(N([S](=O)(=O)C(F)(F)C(F)(F)C(F)(F)C(F)(F)C(F)(F)C(F)(F)C(F)(F)C(F)(F)F)CCC)C([O-])=O.[K+],6.72
[K+].C[N+](C)([O-])CCC[N-]S(=O)(=O)C(F)(F)C(F)(F)C(F)(F)C(F)(F)C(F)(F)C(F)(F)C(F)(F)C(F)(F)F,5.69
C1=C(O[S](=O)(=O)C(F)(F)C(F)(F)C(F)(F)C(F)(F)C(F)(F)C(F)(F)C(F)(F)C(F)(F)F)C=CC=C1NC(=O)C2=C(C(=C(Cl)C(=C2Cl)Cl)Cl)C([O-])=O.[K+],10.29
CN(C)CCCN(CC(CS(=O)(=O)[O-])O)S(=O)(=O)C(C(C(C(C(C(F)(F)F)(F)F)(F)F)(F)F)(F)F)(F)F.[Na+],1.56
C2=C(NC(=O)C1=C(Cl)C(=C(Cl)C(=C1C([O-])=O)Cl)Cl)C=CC=C2O[S](=O)(=O)C(F)(F)C(F)(F)C(F)(F)C(F)(F)C(F)(F)F.[K+],8.28
C1=C(CN[S](=O)(=O)C(F)(F)C(F)(F)C(F)(F)C(F)(F)C(F)(F)C(F)(F)C(F)(F)C(F)(F)F)C(=CC=C1)[S]([O-])(=O)=O.[Na+],4.82
C1=C(CN[S](=O)(=O)C(F)(F)C(F)(F)C(F)(F)C(F)(F)F)C(=CC=C1)[S]([O-])(=O)=O.[Na+],2.14
C1=C(CN[S](=O)(=O)C(F)(F)C(F)(F)C(F)(F)C(F)(F)C(F)(F)F)C(=CC=C1)[S]([O-])(=O)=O.[Na+],2.81
C1=C(CN[S](=O)(=O)C(F)(F)C(F)(F)C(F)(F)C(F)(F)C(F)(F)C(F)(F)F)C(=CC=C1)[S]([O-])(=O)=O.[Na+],3.48
C1=C(CN[S](=O)(=O)C(F)(F)C(F)(F)C(F)(F)C(F)(F)C(F)(F)C(F)(F)C(F)(F)F)C(=CC=C1)[S]([O-])(=O)=O.[Na+],4.15
O=[S]([O-])(=O)C1(C(F)(F)C(F)(F)C(F)(F)C(F)(F)C1(F)F)C(F)(F)F.[K+],1.54
O=[S]([O-])(=O)C1(C(F)(C(F)(F)C(F)(F)C(F)(F)C1(F)F)C(F)(F)F)C(F)(F)F.[K+],2.33
C([N+](CCO)(C)C)CCN([S](=O)(=O)C(F)(F)C(F)(F)C(F)(F)C(F)(F)C(F)(F)C(F)(F)F)CC(O)C[S]([O-])(=O)=O.[K+].[OH-],0.02
C2=C(NC(=O)C1=C(Cl)C(=C(Cl)C(=C1C([O-])=O)Cl)Cl)C=CC=C2O[S](=O)(=O)C(F)(F)C(F)(F)C(F)(F)C(F)(F)C(F)(F)C(F)(F)F.[K+],8.95
C=O.C(N([S](=O)(=O)C(F)(F)C(F)(F)C(F)(F)C(F)(F)C(F)(F)C(F)(F)C(F)(F)C(F)(F)F)CC)C([O-])=O.C(N[S](=O)C(F)(F)C(F)(F)C(F)(F)C(F)(F)C(F)(F)C(F)(F)C(F)(F)C(F)(F)F)C([O-])=O.[K+].[K+].C(C)C,5.5
C(C1(C(C(C(C(C1(F)F)(F)F)(F)F)(F)F)(F)F)F)OP(=O)(O)OP(=O)(O)OCC2(C(C(C(C(C2(F)F)(F)F)(F)F)(F)F)(F)F)F,5.26
FC1(F)C(F)(F)C(F)(F)C2(F)C(F)(F)C(F)(F)C(F)(F)C(F)(F)C2(F)C1(F)F,5.68
FC(F)(F)C1(F)C(F)(F)C(F)(F)C(F)(F)C(F)(C(F)(F)F)C1(F)F,6.02
FC(F)(F)C1(F)C(F)(F)C(F)(F)C(F)(F)C1(F)F,4.26
OCC(F)(F)C(F)(F)C(F)(F)F,1.91
C(C(C(C(C(C(F)(F)F)(F)F)(F)F)(F)F)(F)F)O,3.25
CN(C)CCC[NH+]([O-])[S](=O)(=O)CCC(F)(F)C(F)(F)C(F)(F)C(F)(F)C(F)(F)C(F)(F)F,3.78
FC(C(C(C(C(C(S(=O)(=O)O)(Cl)F)(F)F)(F)F)(F)F)(F)F)(F)F,3.77
FC(C(C(C(C(S(=O)(=O)O)(Cl)F)(F)F)(F)F)(F)F)(C(C(C(F)(F)F)(F)F)(F)F)F,5.1
FC(OC(C(C(C(C(S(=O)(=O)O)(F)F)(F)F)(F)F)(F)F)(F)F)(F)F,3.3
O=C(C(C(C(C(C(C(S(=O)(=O)O)(F)F)(F)F)(F)F)(F)F)(F)F)(F)F)C(F)(F)F,2.56
CC(=O)N1C2=C(CN(C1=O)NCC3=CN=CC=C3)C=C(C=C2)C(C(F)(F)F)(C(F)(F)F)F,0.55
C(C(F)(F)F)(C(F)(F)F)(C(F)(F)F)O,1.98
CCCCCCCCCCCCCC#CC(C(CO)N)O,5.03
FC(F)(COC(=O)C=C)C(F)(F)C(F)(F)C(F)(F)COC(=O)C=C,4.38
FC1=C(F)C2=C(C(F)=C1F)C(F)(F)C(F)(F)C(F)(F)C2(F)F,5.6
FC(F)(F)C(F)(F)C(F)(F)OC(F)(C(F)(F)F)C(F)(OC(F)(F)C(F)(F)C(F)(F)F)C(F)(F)F,7.88
CC(=O)C(F)(F)C(F)(F)C(F)(F)C(F)(F)C(F)(F)F,3.15
FC(F)(F)C(F)(C(F)(F)F)C(F)(F)C(F)(F)C(F)(F)C(F)(F)I,6.5
FC(F)C(F)(F)COS(=O)(=O)C(F)(F)F,2.5
OC(F)(F)C(F)(F)C(F)(F)C(F)(F)C(F)(F)C(F)(F)C(F)F,3.49
OC(=O)C1=CC=CC=C1OC(F)(F)C(F)F,2.94
FC1(F)C=CC(F)(F)C1(F)F,3.36
OCCN(CCO)OP(=O)(OCCC(F)(F)C(F)(F)C(F)(F)C(F)(F)C(F)(F)C(F)(F)C(F)(F)C(F)(F)C(F)(F)F)ON(CCO)CCO,0.39
NC1=CC(Cl)=C(OC(F)(F)C(F)C(F)(F)F)C=C1Cl,4.74
OCC(F)(F)C(F)(F)C(F)(F)C(F)(F)C(F)(F)C(F)(F)C(F)F,3.98
FC(F)=C(F)OC(F)(C(F)(F)F)C(F)(F)F,2.8
FC(F)C(F)(F)OC(F)(F)C(F)(F)S(F)(=O)=O,4.99
FC(F)(F)C(F)(F)C(F)(F)C(F)(F)C(F)(F)C(F)(F)C(F)(F)C(F)(F)C1=CC=C(C=C)C=C1,8.84
FC(F)(F)C(F)(F)C(F)(F)OC(F)(Cl)C(F)(F)Cl,4.68
[H]N(C(=O)C(F)(F)C(F)(F)C(F)(F)F)C1=CC(Cl)=C(Cl)C=C1,5.08
[H]N(C(=O)C(F)(F)C(F)(F)C(F)(F)F)C1=CC(Cl)=CC(Cl)=C1,5.08
FC(F)(F)C(F)(F)C(F)(F)C(F)(F)C(F)(F)C(F)(F)C(F)(F)C(F)(F)C(F)(F)C(F)(F)CCOP(=O)(OCCC(F)(F)C(F)(F)C(F)(F)C(F)(F)C(F)(F)C(F)(F)C(F)(F)C(F)(F)C(F)(F)C(F)(F)F)OCCC(F)(F)C(F)(F)C(F)(F)C(F)(F)C(F)(F)C(F)(F)C(F)(F)C(F)(F)C(F)(F)C(F)(F)F,22.55
CCCCCCC(I)CC(F)(F)C(F)(F)C(F)(F)C(F)(F)C(F)(F)C(F)(F)F,9.5
FC(F)=C(F)F.OS(=O)(=O)C(F)(F)C(F)(F)OC(F)=C(F)F,0.71
FC(F)(F)C(F)(F)C(F)(F)C(=O)CC(=O)C(F)(F)C(F)(F)C(F)(F)F,4.15
OS(=O)(=O)C(F)(F)C(F)(F)OC(F)(F)C(F)(F)F,2.25
CC1(C)[C@H]2CC[C@]1(C)C(=O)C2C(=O)C(F)(F)C(F)(F)C(F)(F)F,5.31
FC(F)(C1(F)C(F)(F)C(F)(F)C(F)(F)C(F)(F)C1(F)F)C1(F)C(F)(F)C(F)(F)C2(F)C(F)(F)C(F)(F)C(F)(F)C(F)(F)C2(F)C1(F)F,10.51
FC(F)(C1(F)C(F)(F)C(F)(F)C(F)(F)C(F)(F)C1(F)F)C1(F)C(F)(F)C(F)(F)C(F)(F)C2(F)C(F)(F)C(F)(F)C(F)(F)C(F)(F)C12F,9.97
FC(F)C(F)(F)C(F)(F)C(F)(F)C(F)(F)C(F)(F)C(F)(F)C(F)(F)COCC1CO1,4.89
OC(C(F)(F)F)C(F)(F)C(F)(F)F,2.07
OC(COC(=O)C=C)CC(F)(F)C(F)(F)C(F)(F)C(F)(F)C(F)(F)C(F)(F)F,4.72
COC(=O)C(F)(F)C(F)(F)Cl,2.07
[K+].FC(F)(F)C(F)(F)C(F)(F)C(F)(F)S(=O)(=O)[N-]S(=O)(=O)C(F)(F)C(F)(F)C(F)(F)C(F)(F)F,6.68
OCCCCCCC(F)(F)C(F)(F)C(F)(F)C(F)(F)C(F)(F)C(F)(F)C(F)(F)C(F)(F)F,7.71
COC(=O)C(F)(F)C(F)(F)C(F)(F)C(F)(F)F,3.09
FC(F)(F)C(F)(OC(=O)C=C)C(F)(F)F,3.08
COC(=O)C(F)(OC(F)(F)C(F)(F)C(F)(F)F)C(F)(F)F,3.65
COC(F)(C(F)(F)C(F)(F)F)C(F)(C(F)(F)F)C(F)(F)F,4.61
COC(=O)CCC(F)(F)C(F)(F)C(F)(F)C(F)(F)F,4.08
FC(=O)C(F)(OC(F)(F)C(F)(OC(F)(F)C(F)(OC(F)(F)C(F)(OC(F)(F)C(F)(OC(F)(F)C(F)(F)C(F)(F)F)C(F)(F)F)C(F)(F)F)C(F)(F)F)C(F)(F)F)C(F)(F)F,11.26
[Li+].FC(F)(F)C(F)(F)S(=O)(=O)[N-]S(=O)(=O)C(F)(F)C(F)(F)F,4
FC(F)(F)C(F)(F)OC(F)(F)C(F)(F)C(F)(F)C(F)(F)C(F)(F)C(F)(F)F,6.61
COC(=O)C(F)(OC(F)(F)C(F)(OC(F)(F)C(F)(OC(F)(F)C(F)(OC(F)(F)C(F)(F)C(F)(F)F)C(F)(F)F)C(F)(F)F)C(F)(F)F)C(F)(F)F,10.22
FC(F)(F)OC(F)(F)C(F)(F)C(F)(F)C(F)(F)C(F)(F)C(F)(F)C(F)(F)F,6.31
CC(=C)C(=O)OCC(F)(F)C(F)(F)C(F)(F)F,3.82
CCCCCCCCCCCCCCCCCCCCC(F)(F)C(F)(F)C(F)(F)C(F)(F)C(F)(F)C(F)(F)C(F)(F)C(F)(F)F,16.05
CCCCCCCCCCCCCCCCCCCCCCC(F)(F)C(F)(F)C(F)(F)C(F)(F)C(F)(F)C(F)(F)C(F)(F)C(F)(F)F,17.03
CCCCCCCCCCCCCCCCCCCCCCCCC(F)(F)C(F)(F)C(F)(F)C(F)(F)C(F)(F)C(F)(F)C(F)(F)C(F)(F)F,18.02
OC(=O)C(F)(F)OC(F)(F)C(F)(F)OC(F)(F)C(F)(F)C(F)(F)C(F)(F)F,5.39
NCCCC(F)(F)C(F)(F)C(F)(F)C(F)(F)C(F)(F)C(F)(F)C(F)(F)C(F)(F)F,6.23
FC(F)(F)C(F)(F)C(F)(F)C(F)(F)C(F)(F)C(F)(F)C(F)(F)C(F)(F)CCN=C=O,7.16
FC(F)(Cl)C(F)(Cl)C(F)(F)C(F)(Cl)C(F)(F)C(Cl)=O,4.75
OC1=CC=C(SCCC(F)(F)C(F)(F)C(F)(F)C(F)(F)C(F)(F)C(F)(F)C(F)(F)C(F)(F)F)C=C1,8.49
FC(F)C(F)(F)C(F)(F)C(F)(F)C(F)(F)C(F)(F)C(F)(F)C(=O)C1=CC=CC=C1,5.79
COC(=O)C(F)(F)C(F)(F)C(F)(F)C(F)(F)C(F)(F)C(F)(F)F,4.43
OCC(F)(OC(F)(F)C(F)(OC(F)(F)C(F)(F)C(F)(F)F)C(F)(F)F)C(F)(F)F,5.33
OCC(F)(F)OC(F)(F)C(F)(F)OC(F)(F)C(F)(F)OC(F)(F)F,4.64
CN(CCOP(O)(O)=O)S(=O)(=O)C(F)(F)C(F)(F)C(F)(F)C(F)(F)F,2.75
FC(F)(F)C(F)(F)CCC(CCCCCCCCCBr)SC(CCCCCCCCCBr)CCC(F)(F)C(F)(F)F,16.01
OC(=O)CCSCCC(F)(F)C(F)(F)C(F)(F)C(F)(F)C(F)(F)C(F)(F)F,5.7
FC(F)(F)C(F)(F)C(F)(F)C(F)(F)C(F)(F)C(F)(F)C(F)(F)C(F)(F)CCOP(=O)(OCCC(F)(F)C(F)(F)C(F)(F)C(F)(F)C(F)(F)C(F)(F)C(F)(F)C(F)(F)F)OCCC(F)(F)C(F)(F)C(F)(F)C(F)(F)C(F)(F)C(F)(F)C(F)(F)C(F)(F)F,18.53
CC(=O)OCCCC(F)(F)C(F)(F)C(F)(F)C(F)(F)C(F)(F)C(F)(F)C(F)(F)C(F)(F)F,7.24
OC(=O)C(F)(F)C(F)(F)C(F)(F)C(F)(F)C(F)(C(F)(F)F)C(F)(F)F,5
OC(=O)C(F)(F)OC(F)(F)C(F)(F)OC(F)(F)F,3.09
OC(=O)C(F)(F)OC(F)(F)C(F)(F)OC(F)(F)C(F)(F)OC(F)(F)F,4.86
C[C@]12CC[C@H]3[C@H]([C@@H]1CC[C@@H]2O)[C@H](CCCCCCCCCSCCCC(F)(F)C(F)(F)F)CC1=C3C=CC(O)=C1,11.23
OCCCCCCCCCC=CC(F)(F)C(F)(F)C(F)(F)C(F)(F)C(F)(F)C(F)(F)C(F)(F)C(F)(F)F,9.95
FC(F)(F)C(F)(C(F)(F)F)C(F)(F)I,4.2
FC(F)=C(F)C(F)(F)C1(F)OC1(F)F,2.65
FC(F)=C(F)C(F)(F)C(F)(F)C1(F)OC1(F)F,3.62
FC(F)C(F)(F)C(F)(F)C(F)=C,3.18
CN(C)C(F)(F)C(F)F,0.81
FC(F)(F)[C@]1(F)C(F)(F)[C@@](F)(C(F)(F)F)C1(F)F,4.62
FC(=C(C(F)(F)F)C(F)(F)F)C(F)(F)C(F)(F)F,4.91
FC(F)(F)C(F)(OC(F)(F)C(F)(F)Br)C(F)(F)F,4.75
FC(F)(F)C(F)(N1C(F)(F)C(F)(F)OC(F)(F)C1(F)F)C(F)(F)F,4.55
FC(F)C(F)(F)C(F)(F)C(F)(F)COP1(OCC(F)(F)C(F)(F)C(F)(F)C(F)F)=NP(OCC(F)(F)C(F)(F)C(F)(F)C(F)F)(OCC(F)(F)C(F)(F)C(F)(F)C(F)F)=NP(OCC(F)(F)C(F)(F)C(F)(F)C(F)F)(OCC(F)(F)C(F)(F)C(F)(F)C(F)F)=N1,17.73
OC(=O)C(F)(F)C(F)(Cl)C(F)(F)C(F)(Cl)C(F)(F)C(F)(Cl)Cl,6.59
OCC(I)CC(F)(F)C(F)(F)C(F)(F)C(F)(F)C(F)(F)C(F)(F)C(F)(F)F,6.25
OC(COC(=O)C=C)CC(F)(F)C(F)(F)C(F)(C(F)(F)F)C(F)(F)F,4.24
CC(=C)C(=O)OCC(O)CC(F)(F)C(F)(F)C(F)(C(F)(F)F)C(F)(F)F,4.79
CC(=C)C(=O)OCC(O)CC(F)(F)C(F)(F)C(F)(F)C(F)(F)C(F)(C(F)(F)F)C(F)(F)F,6.12
OCCCCCCC(F)(F)C(F)(F)C(F)(F)C(F)(F)C(F)(F)C(F)(F)F,6.37
FC(=O)C(F)(OC(F)(F)C(F)(F)OC(F)(C(F)=O)C(F)(F)F)C(F)(F)F,1.49
FC(F)=C(F)OC(F)(F)C(F)(OC(F)(F)C(F)(F)C(F)(F)F)C(F)(F)F,5.24
FC(F)(Cl)C(F)(F)C(F)(F)C(F)(F)C(F)(F)C(F)(F)I,5.96
FC(F)(Cl)C(F)(F)C(F)(F)C(F)(F)C(F)(F)C(F)(F)C(F)(F)C(F)(F)I,7.3
OCCCC(F)(F)C(F)(F)C(F)(F)C(F)(F)C(F)(F)C(F)(F)C(F)(F)C(F)(F)F,6.24
FC(F)C(F)(F)COC(F)(F)C(F)F,2.66
FC(F)C(F)(F)OCC(F)(F)C(F)(F)C(F)(F)C(F)F,3.99
FC(=O)C(F)(OC(F)(F)C(F)(F)F)C(F)(F)F,1.82
FC(F)(F)C(F)(F)C(F)(F)CC(=O)OC=C,3.27
FC1(F)SC(F)(F)S1,5.14
OC(=O)C(F)(F)C(F)(C(F)(F)F)C(F)(F)C(F)(F)C(F)(F)C(F)(C(F)(F)F)C(F)(F)F,6.52
[Na+].[O-]S(=O)(=O)C1=CC=C(NS(=O)(=O)C(F)(F)C(F)(F)C(F)(F)C(F)(F)C(F)(F)C(F)(F)C(F)(F)C(F)(F)F)C=C1,4.91
OC(=O)C(F)(F)C(F)(F)C(F)(F)C(F)(F)C(F)F,2.87
FC(F)(F)C(F)(F)C(F)(C(F)(F)F)C(F)(C(F)(F)F)C(F)(F)C(F)(F)F,6.54
CC(O)C(F)(F)C(F)F,1.05
CC(C)(C)C(=O)CC(=O)C(F)(F)C(F)(F)C(F)(F)F,3.47
FC1=C(Cl)C(F)(F)C(F)(F)C1(F)F,3.91
FC(F)(F)C(F)(F)C(F)(F)CC1CO1,2.91
FC(F)(F)C(F)(F)C(F)(F)C(F)(F)C(F)(F)C(F)(F)C(F)(F)C(F)(F)C(F)(F)C(F)(F)C(F)(F)C(F)(F)C(F)(F)C(F)(F)C(F)(F)C(F)(F)C(F)(F)C(F)(F)C(F)(F)C(F)(F)C(F)(F)C(F)(F)C(F)(F)C(F)(F)F,16.88
FC(F)(F)C(F)(F)C(F)(F)C(F)(F)C(F)(F)C(F)(F)C(F)(F)CCOC(=O)C=C,6.44
FC(F)(C=C)C(F)(F)C(F)(F)C(F)(F)C(F)(F)C(F)(F)C=C,6.64
Cl.FC1(F)CNCC1(F)F,1.65
FC(F)(CCI)C(F)(F)C(F)(F)C(F)(F)C(F)(F)C(F)(F)CCI,8.43
FC(F)(F)C(F)(F)C(F)(F)C(F)(F)CCCI,5.78
FC(F)(Br)C(F)(F)CCBr,3.94
FC(F)(Br)C(F)(F)C=C,3.46
FC(F)(F)C(F)(F)C(F)(F)C(F)(F)C(F)(F)C(F)(F)C(F)(F)COP1(OCC(F)(F)C(F)(F)C(F)(F)C(F)(F)C(F)(F)C(F)(F)C(F)(F)F)=NP(OCC(F)(F)C(F)(F)C(F)(F)C(F)(F)C(F)(F)C(F)(F)C(F)(F)F)(OCC(F)(F)C(F)(F)C(F)(F)C(F)(F)C(F)(F)C(F)(F)C(F)(F)F)=NP(OCC(F)(F)C(F)(F)C(F)(F)C(F)(F)C(F)(F)C(F)(F)C(F)(F)F)(OCC(F)(F)C(F)(F)C(F)(F)C(F)(F)C(F)(F)C(F)(F)C(F)(F)F)=N1,33.42
FC(F)(F)C(F)(F)C(F)(F)C(F)(F)C(F)(F)C(F)(F)C1=CC=C(C=C1)P(C1=CC=C(C=C1)C(F)(F)C(F)(F)C(F)(F)C(F)(F)C(F)(F)C(F)(F)F)C1=CC=C(C=C1)C(F)(F)C(F)(F)C(F)(F)C(F)(F)C(F)(F)C(F)(F)F,18.84
[I+](C1=CC=CC=C1)C1=CC=CC=C1.[O-]S(=O)(=O)C(F)(F)C(F)(F)C(F)(F)C(F)(F)F,NA
[O-]S(=O)(=O)C(F)(F)C(F)(F)C(F)(F)C(F)(F)F.CC(C)(C)C1=CC=C([I+]C2=CC=C(C=C2)C(C)(C)C)C=C1,NA
FC(F)C(F)(F)COCC1CO1,0.87
FC(F)=C(F)OC(F)(F)C(F)(F)OC(F)=C(F)F,2.61
FC(F)(F)C(F)(F)C(F)(F)C(F)(F)C(F)(F)C(F)(F)C(F)(F)C(F)(F)CCCI,8.46
NC(=O)C(F)(F)C(F)F,0.25
FC(=C(F)C(F)(C(F)(F)F)C(F)(F)F)C(F)(F)F,4.26
FC(F)(F)C(=O)CC(=O)C(F)(F)C(F)(F)F,1.85
OC(=O)C(F)(F)C(F)(Cl)C(F)(F)C(F)(Cl)C(F)(F)Cl,5.31
FC(F)(F)C(F)(F)C(F)(F)C(F)(F)C(F)(F)C(F)(F)CI,6.14
FC(C(F)(F)F)S(F)(=O)=O,2.05
CC(C)(C)C(=O)CC(=O)C(F)(F)C(F)(F)F,2.8
FC(F)=C(F)C(F)(C(F)(F)F)C(F)(F)F,3.35
FC(F)(F)C(OC(=O)C=C)C(F)(F)F,2.47
OCC(F)(F)C(F)(F)C(F)(F)C(F)(F)C(F)(F)C(F)(F)C(F)(F)C(F)(F)C(F)(F)C(F)(F)C(F)(F)C(F)(F)C(F)(F)C(F)(F)C(F)(F)F,9.94
FC(F)(F)C(F)(F)C(F)(F)C(F)(F)C(F)(F)C(F)(F)C(F)(F)C1=NC(=NC(=N1)C(F)(F)C(F)(F)C(F)(F)C(F)(F)C(F)(F)C(F)(F)C(F)(F)F)C(F)(F)C(F)(F)C(F)(F)C(F)(F)C(F)(F)C(F)(F)C(F)(F)F,15.62
FC(F)(F)C(F)(F)C(F)(F)C(F)(F)C(F)(F)C(F)(F)CCC1=CC=C(C=C1)P(C1=CC=C(CCC(F)(F)C(F)(F)C(F)(F)C(F)(F)C(F)(F)C(F)(F)F)C=C1)C1=CC=C(CCC(F)(F)C(F)(F)C(F)(F)C(F)(F)C(F)(F)C(F)(F)F)C=C1,21.78
CC(=C)C(=O)OCC(F)(F)C(F)(F)C(F)(F)C(F)(F)C(F)(F)C(F)F,5.22
OC(=O)C(=C)CC(=O)OC(F)(F)C(F)(F)C(F)(F)C(F)(F)C(F)(F)C(F)(F)C(F)(F)C(F)(F)F,6.48
FC(F)(F)C(F)(F)C(F)(F)C(F)(F)C(F)(F)C(F)(F)C(F)(F)C(=O)OCC1=CC=C(C=C)C=C1,7.71
FC(F)(F)C(F)(F)C(F)(F)C(F)(F)C(F)(F)C(F)(F)C1=NN(C(=O)C2=CC=CC=C2)C(=C1)C(F)(F)C(F)(F)C(F)(F)C(F)(F)C(F)(F)C(F)(F)F,11.38
CCCCCCC(F)(F)C(F)(F)Br,5.56
CC(=O)N1N=C(C=C1C(F)(F)C(F)(F)C(F)(F)C(F)(F)C(F)(F)C(F)(F)F)C(F)(F)C(F)(F)C(F)(F)C(F)(F)C(F)(F)C(F)(F)F,9.6
OCC(F)(F)C(F)(C(F)(F)F)C(F)(F)C(C(F)(F)F)(C(F)(F)F)C(F)(F)F,5.63
OC(=O)CCC(F)(F)C(F)(F)Br,2.85
OC(=O)C(F)(F)C(F)(F)C(F)(F)C(F)(F)C(F)(F)C(F)(F)C(F)(F)C(O)=O,3.54
CC1(C)[C@@H](CC[C@]1(C)C(=O)OCC(F)(F)C(F)(F)C(F)(F)C(F)(F)C(F)(F)C(F)F)C(=O)OCC(F)(F)C(F)(F)C(F)(F)C(F)(F)C(F)(F)C(F)F,10.83
OC(=O)C(F)(F)C(F)(C(F)(F)F)C(F)(F)C(C(F)(F)F)(C(F)(F)F)C(F)(F)F,5.86
FC(F)(F)C(F)(F)C(F)(F)C(F)(F)C(F)(F)C(F)(F)C(F)(F)COC(=O)C=CC(=O)OCC(F)(F)C(F)(F)C(F)(F)C(F)(F)C(F)(F)C(F)(F)C(F)(F)F,11.65
FC(F)(F)C(F)(F)C(F)(F)C(F)(F)C(F)(F)C(F)(F)C(F)(F)C(=O)NC1=C(NC(=O)C(F)(F)C(F)(F)C(F)(F)C(F)(F)C(F)(F)C(F)(F)C(F)(F)F)C=C(C=C1)S(Cl)(=O)=O,10.76
FC(F)(F)C(F)(F)C(F)(F)C(F)(F)C(F)(F)C(F)(I)C(F)(F)F,6.91
OCC(F)(C(F)C(F)(C(F)(F)F)C(F)(F)F)C(F)(F)F,3.09
FC(F)(F)C(F)(OC(F)(F)C(F)(F)C(F)(F)C(F)(F)C(F)(F)C(F)(F)I)C(F)(F)F,7.84
FC(OC(F)(F)C(F)(F)C(CI)C(F)(F)F)C(F)(F)F,5.41
OP(O)(=O)CCC(F)(F)C(F)(F)C(F)(F)C(F)(F)C(F)(F)C(F)(F)F,4.04
CC(I)CC(F)(F)C(F)(F)C(F)(F)C(F)(F)C(F)(F)C(F)(F)C(F)(F)F,7.72
OCC(O)COCC(F)(F)C(F)F,0.12
FC(F)(F)C(F)(F)C(F)(F)C(F)(F)C(F)(F)C(F)(F)C(F)(F)C=C,6.41
FC(F)(F)C(F)(F)C(F)(F)C(F)(F)C(F)(F)C(F)(F)C(F)(F)C1=CC=C(C=C1)S(Cl)(=O)=O,8.22
OCCCC(F)(F)C(F)(F)C(F)(F)C(F)(F)C(F)(F)C(F)(F)C(F)(F)F,5.57
CC[N+](CC)(CC)C(C)OS(=O)(=O)C(F)(F)C(F)(F)C(F)(F)C(F)(F)F,4.22
FC(=O)C(F)(OC(F)(F)C(F)(OC1=C(F)C(F)=C(F)C(F)=C1F)C(F)(F)F)C(F)(F)F,5.09
CC(=C)C(=O)OCC1(F)C(F)(F)C(F)(F)C(F)(F)C(F)(F)C1(F)F,4.72
FC1(F)OC2=C(C=C(C=C2)N=C=O)C(F)(F)O1,4.96
FC(F)C(F)(F)C(F)(F)C(F)(F)C=O,1.95
OCC(F)(OC(F)(F)C(F)(F)C(F)(F)F)C(F)(F)F,3.14
FC(F)(F)C1(C(F)(F)F)C(F)(F)C(F)(F)C(F)(F)C(F)(F)C1(F)F,5.66
FC(F)(F)C(F)(F)C(F)(F)C(F)(F)C(F)(F)C(F)(F)C(F)(F)C(F)(F)CCSC#N,7.1
FC(OC(F)(F)C(F)(OC(F)(F)C(F)(OC(F)(F)C(F)(OC(F)(F)C(F)(F)C(F)(F)F)C(F)(F)F)C(F)(F)F)C(F)(F)F)C(F)(F)F,10.02
OCCN(CCO)CCC(F)(F)C(F)(F)C(F)(F)C(F)(F)C(F)(F)C(F)(F)C(F)(F)C(F)(F)F,4.88
OCCNCCC(F)(F)C(F)(F)C(F)(F)C(F)(F)C(F)(F)C(F)(F)C(F)(F)C(F)(F)F,5.23
FC(=O)C(F)(OC(F)(F)C(F)(OC(F)(F)C(F)(OC(F)(F)C(F)(F)C(F)(F)F)C(F)(F)F)C(F)(F)F)C(F)(F)F,6.87
FC(F)(Cl)C(F)(Cl)C(F)(F)C(F)(Cl)C(F)(F)C(=O)OOC(=O)C(F)(F)C(F)(Cl)C(F)(F)C(F)(Cl)C(F)(F)Cl,10.96
FC(F)(F)C(F)(F)C(F)(F)C(F)(F)C(F)(F)C(F)(F)C(F)(F)C(F)(F)C1=CC=C(C=C1)P(C1=CC=C(C=C1)C(F)(F)C(F)(F)C(F)(F)C(F)(F)C(F)(F)C(F)(F)C(F)(F)C(F)(F)F)C1=CC=C(C=C1)C(F)(F)C(F)(F)C(F)(F)C(F)(F)C(F)(F)C(F)(F)C(F)(F)C(F)(F)F,22.85
CC(=C)C(=O)SCCC(F)(F)C(F)(F)C(F)(F)C(F)(F)C(F)(F)C(F)(F)C(F)(C(F)(F)F)C(F)(F)F,8.76
FC(F)(F)C1(C(F)(F)F)C(F)(F)C(F)(F)C1(F)F,4.79
OCC1(F)C(F)(F)C(F)(F)C(F)(F)C(F)(F)C1(F)F,2.81
FC(F)(F)C(F)(F)C(F)(F)C(Cl)(Cl)Cl,4.73
OC(=O)C(F)(F)C(F)(Cl)C(F)(F)C(F)(Cl)C(F)(F)C(F)(Cl)C(F)(F)Cl,7.55
FC(=O)C(F)(OC(F)(F)F)C(F)(F)F,0.86
FC(F)=C(F)OC(F)(F)C(F)(F)S(F)(=O)=O,4.05
[Na+].[O-]S(=O)(=O)C1=CC=CC=C1C(=O)OCC(F)(F)C(F)(F)C(F)(F)C(F)(F)C(F)(F)C(F)F,2.61
FC(F)C(F)(F)COC=C,1.69
FC(F)(F)C(F)(F)C(F)(F)C(F)(F)S(Cl)(=O)=O,5.47
FC(F)C(F)(F)C(F)(F)C(F)(F)C(F)(F)C(F)(F)COC(=O)C=C,4.67
FC(F)(F)C(F)(C(F)(F)F)C(F)(F)C(F)(F)C(F)(F)C(F)(F)C(F)(C(F)(F)F)C(F)(F)F,7.88
CCN([O-])CCCNS(=O)(=O)C(F)(F)C(F)(F)C(F)(F)C(F)(F)C(F)(F)C(F)(F)F,5.02
FC(F)(F)C(=C(C(F)(F)C(F)(F)F)C(F)(C(F)(F)F)C(F)(F)F)C(F)(F)F,7.04
FC(=C(C(F)(C(F)(F)F)C(F)(F)F)C(F)(C(F)(F)F)C(F)(F)F)C(F)(F)F,6.39
FC(F)(F)C(C(F)(F)F)C(F)(F)C(F)(F)C(F)(F)F,5.11
CCOC(=O)C(F)(F)C(F)(F)C(F)(F)C(F)(F)C(F)(F)C(F)(F)C(F)(F)C(F)(F)F,6.26
F[P-](F)(F)(F)(F)F.CCCCCCCCN1C=C[N+](C)=C1,0.62
FC(F)(F)C1(F)C(F)(F)C(F)(F)C2(F)C(F)(F)C(F)(F)C(F)(F)C(F)(F)C2(F)C1(F)F,7
FC(F)(F)C1(F)C(F)(F)C(F)(F)C(F)(F)C(F)(F)C1(F)C(F)(F)F,5.49
FC(F)(C(F)(F)C1(F)C(F)(F)C(F)(F)C(F)(F)C(F)(F)C1(F)F)C1(F)C(F)(F)C(F)(F)C(F)(F)C(F)(F)C1(F)F,9.16
NCC(F)(F)C(F)(F)C(F)(F)C(F)(F)C(F)(F)C(F)(F)C(F)(F)F,4.58
FC(F)(F)C(F)(F)C(F)(F)C(F)(F)C(F)(F)C(F)(F)C(F)(F)C(F)(F)Cl,6.48
FC(F)(F)C(F)(F)C(F)(F)C(F)(F)C(F)(F)C(F)(F)C(F)(F)C(F)(F)F,6.17
FC(F)(F)C(F)(F)C(F)(F)C(F)(F)C(F)(F)C(F)(F)C(F)(F)C(F)(F)C(F)(F)C(F)(F)F,7.51
FC(F)(F)C(F)(F)C(F)(F)C(F)(F)C(F)(F)C(F)(F)C(F)(F)C(F)(F)C(F)(F)C(F)(F)C(F)(F)I,8.99
FC(F)(F)C(F)(F)C(F)(F)C(F)(F)C(F)(F)C(F)(F)C(F)(F)C(F)(F)C(F)(F)C(F)(F)C(F)(F)C(F)(F)F,8.85
FC(F)(F)C(F)(F)C(F)(F)C(F)(F)C(F)(F)C(F)(F)C(F)(F)C(F)(F)C(F)(F)C(F)(F)C(F)(F)C(F)(F)C(F)(F)C(F)(F)F,10.18
CC(=C)C(=O)SCCC(F)(F)C(F)(F)C(F)(F)C(F)(F)C(F)(F)C(F)(F)C(F)(F)C(F)(F)C(F)(C(F)(F)F)C(F)(F)F,10.1
CC(=C)C(=O)SCCC(F)(F)C(F)(F)C(F)(F)C(F)(F)C(F)(C(F)(F)F)C(F)(F)F,7.42
OC(=O)C(F)(F)C(F)(F)C(F)(F)C(F)(F)C(F)(F)C(F)(F)C(F)(F)C(F)(F)C(O)=O,4.21
FC(F)(F)C(F)(F)C(F)(F)C(F)(F)C(F)(F)C(F)(F)C(F)(F)C(F)(F)COC(=O)C=C,6.62
FC(F)C(F)(F)C(F)(F)C(F)(F)C(F)(F)C(F)(F)C(F)(F)C(F)F,4.95
FC1C(F)(F)C(F)(F)C(F)(F)C(F)(F)C1(F)F,3.82
FC(F)(F)C(F)(F)C(F)(F)C(F)(F)COC(=O)C=C,3.94
CCN(CC)C(F)(F)C(F)C(F)(F)F,2.76
[Na+].[Na+].OP(O)(=O)OCC(F)(F)C(F)(F)C(F)(F)C(F)(F)C(F)(F)C(F)F,3.23
CCOC(=O)C(F)(F)C(F)(F)C(F)(F)C(F)(F)C(F)(F)C(F)(F)C(F)(F)F,5.59
F[P-](F)(F)(F)(F)F.C[N+]1=CN(CCC(F)(F)C(F)(F)C(F)(F)C(F)(F)C(F)(F)C(F)(F)F)C=C1,2.22
F[P-](F)(F)(F)(F)F.CCCC[N+]1=CN(CCC(F)(F)C(F)(F)C(F)(F)C(F)(F)C(F)(F)C(F)(F)F)C=C1,3.69
FC1=C(F)C2=C(C(F)=C1F)C(F)=C(F)C(F)=C2F,4.77
FC(F)(F)C(F)(F)C(F)(F)C(F)(F)C(F)(F)C(F)(F)C(F)(F)CNCC(F)(F)C(F)(F)C(F)(F)C(F)(F)C(F)(F)C(F)(F)C(F)(F)F,10.26
CCCCNS(=O)(=O)C(F)(F)C(F)(F)C(F)(F)C(F)(F)C(F)(F)C(F)(F)C(F)(F)C(F)(F)F,7.74
FC(F)(F)C(F)(F)C(F)(F)C(CC1=CC=C(C=C1)P(C1=CC=CC=C1)C1=CC=C(CC(C(F)(F)F)(C(F)(F)F)C(F)(F)C(F)(F)C(F)(F)F)C=C1)(C(F)(F)F)C(F)(F)F,15.59
FC(F)(F)C(F)(F)C(F)(F)C(=O)N1C=CN=C1,1.79
OC(=O)C(F)(F)OC(F)(F)C(F)(F)OC(F)(F)C(F)(F)OC(F)(F)C(F)(F)C(F)(F)C(F)(F)F,7.17
OCC(F)(F)OC(F)(F)C(F)(F)OC(F)(F)C(F)(F)OC(F)(F)CO,4.13
FC(OC(F)(F)C(F)(OC(F)(F)C(F)(OC(F)(F)C(F)(F)C(F)(F)F)C(F)(F)F)C(F)(F)F)C(F)(F)F,7.83
FC(F)(F)C(F)(F)C(F)(F)C(F)(F)C(F)(F)C(F)(F)C(F)(F)C(=O)OC(=O)C(F)(F)C(F)(F)C(F)(F)C(F)(F)C(F)(F)C(F)(F)C(F)(F)F,8.88
FC(F)(F)C(F)(F)C(F)(C(F)(F)F)C(F)(C(F)(F)F)C(F)(F)F,5.58
FC(F)(F)C(F)(F)C(F)(F)C1(F)OC(F)(F)C(F)(F)C(F)(F)C1(F)F,5.89
FC(F)(Br)C(F)(F)C(F)(F)C(F)(F)Br,4.3
FC(F)(F)C(F)(F)C(F)(F)C(F)(F)C(F)(F)C(F)(F)Br,5.23
FC(F)(F)C(F)(F)C(F)(F)C(F)(F)C(F)(F)C(F)(F)C(F)(F)C(Cl)=O,4.26
FC(F)(I)C(F)(F)C(F)(F)C(F)(F)C(F)(F)C(F)(F)C(F)(F)C(F)(F)I,7.8
FC(F)(C(Cl)=O)C(F)(F)C(F)(F)C(F)(F)C(Cl)=O,1
FC(F)C(F)(F)C(F)(F)C(F)(F)C(F)(F)C(F)F,3.62
FC1(F)C(F)(F)C(F)(F)C(F)(Cl)C(F)(F)C1(F)F,4.05
FC1(F)C(Cl)=C(Cl)C(F)(F)C(F)(F)C1(F)F,4.78
COC1=C(Cl)C(F)(F)C(F)(F)C1(F)F,3.15
FC(F)(I)C(F)(F)C=C,3.88
FC(F)(F)C(F)(F)C(F)(F)C(F)(F)C(F)(F)C(F)(F)C(F)(F)C(F)(F)CCS,7.15
FC(F)(F)C(F)(F)C(F)(F)C(F)(F)C(F)(F)C(F)(F)CCS,5.82
FC(F)(F)C(F)(F)C(F)(F)C(F)(F)C(F)(F)C(F)(F)C(F)(F)C(F)(F)C(F)(F)C(F)(F)CCS,8.49
C[N+](C)(CCCNS(=O)(=O)CCC(F)(F)C(F)(F)C(F)(F)C(F)(F)C(F)(F)C(F)(F)C(F)(F)C(F)(F)F)CC([O-])=O,4.24
C[N+](C)(CCCNS(=O)(=O)CCC(F)(F)C(F)(F)C(F)(F)C(F)(F)C(F)(F)C(F)(F)C(F)(F)C(F)(F)C(F)(F)C(F)(F)F)CC([O-])=O,5.58
FC(F)(F)COC(=O)CCC(F)(F)C(F)(F)C(F)(F)C(F)(F)C(F)(F)C(F)(F)C(F)(F)C(F)(F)F,7.66
[H]N(C(=O)C(CC)OC1=C(C=C(C=C1)C(C)(C)CC)C(C)(C)CC)C1=CC(O)=C(C=C1)N([H])C(=O)C(F)(F)C(F)(F)C(F)(F)F,9.85
FC(F)=C(F)OC(F)(F)OC(F)(F)C(F)(F)F,3.7
FC(=O)C(F)(OC(F)(F)C(F)(OC(F)(F)C(F)(OC(F)(F)C(F)(OC(F)(F)C(F)(F)C(F)(F)F)C(F)(F)F)C(F)(F)F)C(F)(F)F)C(F)(F)F,9.07
[O-][N+](=O)OCCC(F)(F)C(F)(F)C(F)(F)C(F)(F)F,4.46
NC(=O)C(F)(F)C(F)(F)C(F)(F)C(F)(F)C(F)(F)C(F)(F)C(N)=O,2.23
CC(C)(CCC(F)(F)C(F)(F)C(F)(F)C(F)(F)C(F)(F)C(F)(F)C(F)(F)C(F)(F)F)OC(=O)ON=C(C#N)C1=CC=CC=C1,9.45
FC(F)(C=C)C(F)(F)C(F)(F)C(F)(F)C(F)(F)C(F)(F)C(F)(F)C(F)(F)C=C,7.98
FC(F)=C(F)C(F)(F)C(F)(F)C(F)(F)C(F)(F)C(F)(F)C(F)(F)C(F)(F)C(F)(F)F,7.1
FC(F)(I)C(F)(F)I,3.79
FC(F)(F)C(F)(F)CI,3.46
NC(=O)C(F)(F)C(F)(F)F,0.86
FC(F)(F)C(F)(C(F)(F)F)C(F)(F)F,3.38
FC(F)(F)C(F)(C(F)(F)F)C(F)(C(F)(F)F)C(F)(F)F,4.61
FC(F)(F)C(F)(F)C(F)(C(F)(F)C(F)(F)F)C(F)(C(F)(F)F)C(F)(F)F,6.54
FC(F)(F)C1(F)C(F)(F)C(F)(F)C(F)(F)C(F)(F)C1(F)F,4.69
CC(=O)C(F)(F)C(F)(F)C(F)(F)F,1.82
FC(F)(Cl)C(F)(F)C(F)(F)C(F)(F)Cl,4.12
NCC(F)(F)C(F)(F)C(F)(F)C(F)(F)F,2.57
OCC(F)(F)C(F)(F)C(F)(F)C(F)(F)F,2.58
NCC(F)(F)C(F)(F)C(F)(F)C(F)(F)C(F)(F)F,3.24
FC(F)(F)C(F)(F)C(F)(F)C(F)(F)C(F)(F)C(F)(F)Cl,5.14
FC(F)(F)C(F)(F)C(F)(F)C(F)(F)C(F)(I)C(F)(F)F,6.24
NCC(F)(F)C(F)(F)C(F)(F)C(F)(F)C(F)(F)C(F)(F)C(F)(F)C(F)(F)F,5.25
FC(F)(F)C(F)(F)C(F)(F)C(F)(F)C(F)(F)C(F)(F)C(F)(F)C(F)(F)C(F)(F)C(F)(F)C(F)(F)C(F)(F)C(F)(F)C(F)(F)C(F)(F)C(F)(F)F,11.52
FC(F)=C(F)C(F)(F)C(F)(F)C(F)(F)C(F)(F)C(F)(F)F,5.1
NC(=O)C(F)(F)C(F)(F)C(F)(F)C(F)(F)C(N)=O,0.9
FC1(F)C(F)(F)C(F)(F)C(F)(F)C(F)(F)C1(F)F,2.84
OCC(F)(F)C(F)(F)C(F)(F)C(F)(F)CO,2.07
FC1=C(F)C(F)(F)C(F)(F)C(F)(F)C1(F)F,3.91
NC(=O)C(F)(F)C(F)(F)C(F)(F)C(F)F,1.59
CC(=C)C(=O)OCC(F)(F)C(F)(F)C(F)(F)C(F)F,3.88
OCC1=CC=C(CCC(F)(F)C(F)(F)C(F)(F)C(F)(F)C(F)(F)C(F)(F)F)C=C1,6.66
OCC1=CC=C(CCC(F)(F)C(F)(F)C(F)(F)C(F)(F)C(F)(F)C(F)(F)C(F)(F)C(F)(F)F)C=C1,8
FC(F)(F)C(F)(F)C(F)(F)CNCC(F)(F)C(F)(F)C(F)(F)F,4.91
COC(=O)C(F)(F)C(F)(F)C(F)(F)F,2.42
CCOC(=O)C(F)(F)C(F)(F)C(F)(F)F,2.92
FC(F)(F)C(F)(F)C(F)(F)C(=O)OC=C,2.78
FC(F)(F)C(F)(F)COC(=O)C=C,2.6
FC(F)=C(F)C(F)(F)C(F)(F)F,3.09
FC(F)(F)C(F)(F)N(C(F)(F)C(F)(F)F)C(F)(F)C(F)(F)F,4.18
FC(=C(F)C(F)(F)F)C(F)(F)F,3.03
CC(=C)C(=O)OCC(F)(F)C(F)C(F)(F)F,3.51
[Ba++].CC(C)(C)C([O-])=CC(=O)C(F)(F)C(F)(F)C(F)(F)F.CC(C)(C)C([O-])=CC(=O)C(F)(F)C(F)(F)C(F)(F)F,3.35
OP(O)(=O)OCCC(F)(F)C(F)(F)C(F)(F)C(F)(F)C(F)(F)C(F)(F)C(F)(F)F,5
CC(O)C(F)(F)C(F)(F)F,1.66
CC(=O)C(F)(F)C(F)(F)F,1.15
FC(F)(F)C(C(F)(F)F)(C(F)(F)F)C(F)(F)F,4.35
FC(F)(F)C(F)(F)C(F)(F)C(F)(F)C1(F)C(F)(F)C(F)(F)C(F)(F)C(F)(F)C1(F)F,7
FC(F)(F)C1(F)C(F)(F)C(F)(C(F)(F)F)C(F)(F)C(F)(C(F)(F)F)C1(F)F,6.81
FC(F)(F)C1(F)C(F)(F)C(F)(F)C(F)(C(F)(F)F)C(F)(F)C1(F)F,6.55
FC(OC(F)(F)C(F)(OC(F)(F)C(F)(OC(F)(F)C(F)(OC(F)(F)C(F)(OC(F)(F)C(F)(F)C(F)(F)F)C(F)(F)F)C(F)(F)F)C(F)(F)F)C(F)(F)F)C(F)(F)F,12.21
FC(F)(F)C(F)(F)C(F)(F)CI,4.13
NCC(F)(F)C(F)(F)C(F)(F)F,1.9
FC(F)(F)C(F)(F)C(F)(F)C#N,1.91
FC(F)(F)C(F)(F)C(F)(F)C=O,1.89
CC(O)C(F)(F)C(F)(F)C(F)(F)F,2.33
FC(F)(F)C(F)(F)C(F)(F)C(Cl)=O,1.58
NC(=N)C(F)(F)C(F)(F)C(F)(F)F,-0.47
FC(F)(F)C(Cl)(Cl)C(Cl)(Cl)C(F)(F)F,5.34
FC(F)(F)C(F)(F)C(F)(F)C(F)(F)Br,3.9
FC(F)(F)C(F)(F)C(F)(I)C(F)(F)F,4.9
FC(F)(F)C(F)(F)C(F)(F)C(F)(F)C(F)(F)C(F)(F)C(F)(F)C(F)(F)C(F)(F)C(F)(F)C(F)(F)C(F)(F)C(F)(F)C(F)(F)C(F)(F)C(F)(F)C(F)(F)C(F)(F)C(F)(F)C(F)(F)F,14.2
FC(F)(F)C(F)(F)C(F)(F)C(F)(F)C(F)(F)C(F)(F)C(F)(F)C(F)(F)C(F)(F)F,6.84
FC(F)C(F)(F)C(F)(F)C(F)(F)C(F)(F)C(F)(F)C(F)(F)C(F)(F)C(F)(F)C(F)(F)F,6.9
FC(F)(F)C(F)(F)C(F)(F)C(F)(F)C(F)(F)C(F)(F)C(F)(F)C(F)(F)C(F)(F)C(F)(F)C(F)(F)C(F)(F)C(F)(F)F,9.52
FC(F)=C(F)C(F)(F)C(F)(F)C(F)(F)C(F)(F)C(F)(F)C(F)(F)C(F)(F)F,6.43
COC(=O)C(F)(F)C(F)(F)C(F)(F)C(F)(F)C(F)(F)C(F)(F)C(F)(F)F,5.1
FC1(F)C(=O)OC(=O)C(F)(F)C1(F)F,2.19
OC(=O)C(F)(F)C(F)(F)C(F)(F)C(O)=O,0.86
FC1(F)C(F)(F)C(F)(F)C(F)(F)C1(F)F,2.4
FC(F)C(F)(F)C(F)(F)C(F)(F)COC(=O)C=C,3.33
FC(F)=C(F)C(F)(F)C(F)(F)C(F)(F)F,3.76
OCC(F)(F)C(F)(F)C(F)(F)CO,1.4
FC(F)C(F)(F)C(F)(F)C(F)F,2.28
OC(=O)C(F)(F)C(F)(F)C(O)=O,0.2
COC(=O)C(F)(F)C(F)(F)F,1.75
FC(F)(F)C(=C)C(F)(F)F,3.06
FC(F)CCCCC(F)(F)COP1(OCC(F)(F)C(F)(F)C(F)(F)C(F)(F)C(F)(F)C(F)F)=NP(OCC(F)(F)C(F)(F)C(F)(F)C(F)(F)C(F)(F)C(F)F)(OCC(F)(F)C(F)(F)C(F)(F)C(F)(F)C(F)(F)C(F)F)=NP(OCC(F)(F)C(F)(F)C(F)(F)C(F)(F)C(F)(F)C(F)F)(OCC(F)(F)C(F)(F)C(F)(F)C(F)(F)C(F)(F)C(F)F)=N1,25.04
CCC(=O)C(F)(F)C(F)(F)C(F)(F)C(F)(F)C(F)(F)F,3.65
FC(F)=C(F)C(=C(F)F)C(F)(F)F,3
CCC(F)(F)C(F)(F)C(F)(F)C(F)(F)F,4.53
CC(I)CC(F)(F)C(F)(F)C(F)(F)C(F)(F)C(F)(F)C(F)(F)F,7.05
FC(F)(F)C(F)(F)C(F)(F)C(F)(F)C(F)(F)C(F)(F)C(F)(F)C(F)(F)C(F)(F)C(F)(F)CC1CO1,7.6
[OH-].OCC[N+](CCO)(CCCNC(=O)C(F)(F)C(F)(F)C(F)(F)C(F)(F)C(F)(F)C(F)(F)C(F)(F)F)CCC(O)=O,2.09
COC(=O)C(F)(OC(F)(F)C(F)(OC(F)(F)C(F)(OC(F)(F)C(F)(F)C(F)(F)F)C(F)(F)F)C(F)(F)F)C(F)(F)F,8.03
FC(F)Cl.FC(F)(F)C(F)(F)Cl,2.47
FC(F)(F)C(F)(F)C(F)(F)C(F)(F)S(=O)(=O)NS(=O)(=O)C(F)(F)F,4.37
FC(F)(F)C(F)(F)C(F)(F)OC1(F)C(F)(F)C(F)(F)C(F)(F)C(F)(C(F)(F)C(F)(F)F)C1(F)F,8.62
FC(F)(F)C(F)(F)C(F)(F)OC1(F)C(F)(F)C(F)(F)C(F)(F)C(F)(OC(F)(F)C(F)(F)C(F)(F)F)C1(F)F,9.28
FC1(F)C(F)(F)C(F)(F)C(F)(COC(=O)C=C)C(F)(F)C1(F)F,4.17
FC(F)C(F)(F)OCC(F)(F)F,2.3
FC(F)(F)C(F)(F)CCI,3.95
FC(=O)C(F)(OC(F)(F)C(F)(F)S(F)(=O)=O)C(F)(F)F,3.49
[H][N+]([H])([H])[H].[H]N([H])S(=O)(=O)C(F)(F)C(F)(F)OC(F)(C(F)(F)F)C(F)(F)OC(F)(C([O-])=O)C(F)(F)F,4.52
CC(=C)C(=O)OC(F)C(F)(F)C(F)(F)C(F)(F)C(F)(F)C(F)(F)C(F)(F)C(F)(F)C(F)(F)C(F)(F)CF,8.19
OCCN(CCO)CCCNC(=O)C(F)(F)C(F)(F)C(F)(F)C(F)(F)C(F)(F)C(F)(F)C(F)(F)F,3.31
CCOC(=O)C(F)(F)C(F)(F)C(F)(F)C(F)(F)C(F)(F)C(F)(F)F,4.92
[Na+].[O-]S(=O)(=O)C1=C(OC(F)(F)C(F)(F)C(F)(F)C(F)(F)C(F)(F)C(F)(F)C(F)(F)C(F)(F)F)C=CC=C1,4.86
NCC(F)(F)C(F)(F)F,1.23
OCC(F)(F)C(F)(F)F,1.24
OC(O)C(F)(F)C(F)(F)F,1.01
FC(F)(F)C(F)(F)C(F)(F)Br,3.23
[O-][N+](=O)C1=CC2=C(C=C1)N=C(N2)C(F)(F)C(F)(F)F,2.98
FC(F)(F)C(F)(C(F)(F)F)C1(F)C(F)(F)C(F)(F)C(F)(F)C(F)(F)C1(F)F,5.92
NCC(F)(F)C(F)(F)C(F)(F)C(F)(F)C(F)(F)C(F)(F)F,3.91
NC(=O)C(F)(F)C(F)(F)C(F)(F)C(F)(F)C(F)(F)C(F)(F)C(F)(F)F,4.2
FC(F)(F)C(F)(F)C(F)(F)C(F)(F)C(F)(F)C(F)(F)C(F)(F)C(F)(F)Br,6.57
OCC(F)(F)C(F)(F)C(F)(F)C(F)(F)C(F)(F)C(F)(F)C(F)(F)C(F)(F)F,5.26
FC(F)(F)C(F)(F)C(F)(F)C(F)(F)C(F)(F)C(F)(F)C(F)(F)C(F)(F)S(Cl)(=O)=O,8.15
CC1=CC=C(C=C1)S(=O)(=O)OCC(F)(F)C(F)(F)C(F)(F)C(F)(F)C(F)(F)C(F)F,5.41
COC(=O)C(F)(F)C(F)(F)C(F)(F)C(F)(F)C(F)(F)F,3.76
CCOC(=O)C(F)(F)C(F)(F)C(F)(F)C(F)(F)F,3.58
FC(F)(F)C(F)(F)C(F)(F)C(F)(F)C(=O)OC=C,3.45
CCOC(=O)C(F)(F)C(F)(F)C(F)(F)C(=O)OCC,3.01
FC(F)(F)C(F)(F)C(F)(F)COC(=O)C=C,3.27
FC(=O)C(F)(F)C(F)(F)OC(F)(F)F,1.41
CCOC(=O)C(F)(F)C(F)(F)F,2.25
FC(F)(F)C(F)(F)C(F)(F)C(F)(F)C(F)(F)C(F)(F)C(F)(F)C(F)(F)CCSSCCC(F)(F)C(F)(F)C(F)(F)C(F)(F)C(F)(F)C(F)(F)C(F)(F)C(F)(F)F,14.63
CC(=C)C(=O)OCC(F)(F)C(F)(F)F,3.15
FC(F)(F)C(F)(F)C(F)(F)C(F)(F)C(F)(F)C(F)(F)CCCOC(=O)N=NC(=O)OCCCC(F)(F)C(F)(F)C(F)(F)C(F)(F)C(F)(F)C(F)(F)F,10.24
OS(=O)(=O)C(F)(F)C(F)F,-0.13
CC(=C)C(=O)OCC(F)(F)C(F)(F)C(F)(F)C(F)(F)C(F)(F)C(F)(F)F,5.82
CC(=C)C(=O)OCC(F)(F)C(F)(F)C(F)(F)C(F)(F)C(F)(F)C(F)(F)C(F)(F)C(F)(F)F,7.16
CC(=C)C(=O)OCC(F)(F)C(F)(F)C(F)(F)C(F)(F)C(F)(F)C(F)(F)C(F)(F)C(F)(F)C(F)(F)C(F)(F)F,8.5
FCC(F)(F)C(F)(F)C(F)(F)C(F)(F)C(F)(F)C(F)(F)C(F)(F)C(F)(F)C(F)(F)C(F)OC(=O)C=C,7.64
FC(F)(F)C(F)(F)C(F)(C(F)(C(F)(F)F)C(F)(F)F)C(F)(C(F)(F)F)C(F)(F)F,6.8
FC(F)(F)C(F)(F)C(C(F)(F)F)(C(F)(F)C(F)(F)F)C(F)(C(F)(F)F)C(F)(F)F,7.51
FC(F)(F)C(F)(C(F)(F)F)C(F)(F)C(F)(F)C(F)(F)C(F)(F)CCOC(=O)C=C,6.62
CC(=C)C(=O)OCCC(F)(F)C(F)(F)C(F)(F)C(F)(F)C(F)(C(F)(F)F)C(F)(F)F,7.17
NNC(=O)C(F)(F)C(F)(F)C(F)(F)C(F)(F)C(F)(F)C(F)(F)C(F)(F)C(F)(F)C(F)(F)C(F)(F)C(F)(F)C(F)(F)C(=O)NN,5.52
OCCCCCCCCCSCCCC(F)(F)C(F)(F)F,6.24
FC(F)(F)C(F)(F)C(F)(F)C(F)(F)C(F)(F)C(F)(F)C(Br)=C,6.13
FC(F)(F)C(F)(F)C(F)(F)C(F)(F)C(F)(F)C(F)(F)C=CC(F)(F)C(F)(F)C(F)(F)C(F)(F)C(F)(F)C(F)(F)F,10.21
FC(F)(F)C1(F)C(F)(F)C(F)(F)C(F)(F)C2(F)C(F)(F)C(F)(F)C(F)(F)C(F)(F)C12F,6.47
C[N+](C)(CCCNC(=O)C(F)(F)C(F)(F)C(F)(F)C(F)(F)C(F)(F)C(F)(F)C(F)(F)F)CCC(O)=O,3.63
[Na+].CN(CC([O-])=O)C(=O)C(F)(F)C(F)(F)C(F)(F)C(F)(F)C(F)(F)C(F)(F)C(F)(F)C(F)(F)F,5.22
CN(CCO)S(=O)(=O)CCC(F)(F)C(F)(F)C(F)(F)C(F)(F)C(F)(F)C(F)(F)F,3.67
[H]C([H])(C([H])([H])P(O)(=O)C([H])([H])C([H])([H])C(F)(F)C(F)(F)C(F)(F)C(F)(F)C(F)(F)C(F)(F)C(F)(F)C(F)(F)F)C(F)(F)C(F)(F)C(F)(F)C(F)(F)C(F)(F)C(F)(F)C(F)(F)C(F)(F)F,11.6
FC(F)(F)C(F)(F)C(F)(F)C(F)(F)C(F)(F)C(F)(F)C(Cl)=O,3.59
FC(F)(F)C(F)(F)C(F)(F)C(F)(F)C(F)(F)C(F)(F)C(F)(F)C(F)(F)C(Cl)=O,4.92
CCCN(CCOCCO)S(=O)(=O)C(F)(F)C(F)(F)C(F)(F)C(F)(F)C(F)(F)C(F)(F)C(F)(F)C(F)(F)F,6.21
CC1CN1C(=O)NC1=CC(NC(=O)OC(CSCCC(F)(F)C(F)(F)C(F)(F)C(F)(F)C(F)(F)C(F)(F)C(F)(C(F)(F)F)C(F)(F)F)CSCCC(F)(F)C(F)(F)C(F)(F)C(F)(F)C(F)(F)C(F)(F)C(F)(C(F)(F)F)C(F)(F)F)=CC=C1C,16.99
OC(=O)C(F)(F)C(F)(Cl)C(F)(F)C(F)(Cl)C(F)(F)C(F)(Cl)C(F)(F)C(F)(Cl)Cl,8.83
OC(=O)C(F)(F)C(F)(Cl)C(F)(F)C(F)(Cl)C(F)(F)C(F)(Cl)C(F)(F)C(F)(Cl)C(F)(F)C(F)(Cl)Cl,11.08
[Cl-].C[N+](C)(C)CCCNC(=O)C(F)(F)C(F)(F)C(F)(F)C(F)(F)C(F)(F)C(F)(F)C(F)(F)F,3.89
OC(COP(O)(O)=O)CC(F)(F)C(F)(F)C(F)(F)C(F)(F)C(F)(F)C(F)(F)C(F)(F)C(F)(F)C(F)(F)F,5.29
FC(F)(F)C(F)(C(F)(F)F)C(F)(F)C(F)(F)CC1CO1,4.44
FC(C(F)(F)F)C(F)(F)COC(=O)C=C,2.96
CC(C)(C)C1=C(F)C(F)=C(C(F)=C1F)C(C)(C)C,6.61
FC(F)(F)C(F)(F)C(F)(F)OC(F)(F)C(F)(OC(F)(F)C(F)(F)C(F)(F)F)C(F)(OC(F)(F)C(F)(F)C(F)(F)F)C(F)(F)OC(F)(F)C(F)(F)C(F)(F)F,12.77
FC(F)(F)C(F)(F)C(F)(F)C(F)(F)C(F)(F)C(F)(F)C(F)(F)C(F)(F)CCCN1C(=O)OC(=O)C2=CC=CC=C12,10.21
FC(OC(F)(F)C(F)(OC(F)(F)C(F)(OC(F)(F)C(F)(OC(F)(F)C(F)(OC(F)(F)C(F)(OC(F)(F)C(F)(F)C(F)(F)F)C(F)(F)F)C(F)(F)F)C(F)(F)F)C(F)(F)F)C(F)(F)F)C(F)(F)F,14.4
FC(F)(F)C(F)(F)C(F)(F)C(F)(F)C(F)(F)C(F)(F)CCC1=CC=C(COC(=O)ON2C(=O)CCC2=O)C=C1,5.02
FC(F)(F)C(F)(F)C(F)(F)C(F)(F)C(F)(F)C(F)(F)C(F)(F)C(F)(F)CCC1=CC=C(COC(=O)ON2C(=O)CCC2=O)C=C1,6.36
OC(=O)C(F)(F)OC(F)(F)C(F)(F)OC(F)(F)C(F)(F)OC(F)(F)C(O)=O,3.59
OC(=O)C(F)(F)OC(F)(F)C(F)(F)OC(F)(F)C(O)=O,1.81
FC(F)(F)C(F)(F)N1C(F)(F)C(F)(F)OC(F)(F)C1(F)F,4.03
FC(F)(F)C(F)(F)C(F)(F)C(F)(F)C(F)(F)C(F)(F)C#C,5.1
FC(F)(F)C(F)(F)C(F)(F)C(F)(C(F)(F)F)C(F)(F)C(F)(F)F,5.98
FC(F)(F)C(F)(F)C(F)(F)C(F)(F)C(F)(F)C(F)(F)C(F)(F)C(F)(F)C(F)(F)Br,7.24
FC(F)(F)C(F)(F)C(F)(F)C(F)(F)C(F)(F)C(F)(F)COC(=O)C=C,5.28
FC(F)=C(F)C(F)(F)C(F)(F)C(F)(F)C(F)(F)C(F)(F)C(F)(F)F,5.77
FC1=C(F)C(F)(F)C(F)(F)C1(F)F,3.47
FC(F)(F)C(F)(F)C(F)(F)C(=O)CC(=O)C1=CC=CS1,2.48
FC(F)(F)C(F)(F)C(F)(F)C(=O)NCC1=CC=CC=C1,3.7
OC(=O)C(C(F)(F)F)C(F)(F)F,1.83
CC1=CC=C(C=C1)S(=O)(=O)OCC(F)(F)C(F)(F)F,3.34
FC(F)(F)C(F)(F)C(F)(F)C(F)(F)C(F)(F)C(F)(F)C(F)(F)C(F)(F)C(F)(F)C1=NC(=NC(=N1)C(F)(F)C(F)(F)C(F)(F)C(F)(F)C(F)(F)C(F)(F)C(F)(F)C(F)(F)C(F)(F)F)C(F)(F)C(F)(F)C(F)(F)C(F)(F)C(F)(F)C(F)(F)C(F)(F)C(F)(F)C(F)(F)F,19.64
CC(F)(F)C(F)(F)C(F)(F)C(F)(F)C(F)(F)C(F)(F)C(F)(F)C(F)(F)C(F)(F)CCOC(=O)C=C,8.33
[I-].C[N+](C)(C)CCNS(=O)(=O)C(F)(F)C(F)(F)C(F)(F)C(F)(F)C(F)(F)C(F)(F)C(F)(F)C(F)(F)F,4.99
OC(=O)C1=CC=C(OC(F)=C(F)C(F)(F)C(F)(F)C(F)(F)C(F)(F)C(F)(F)C(F)(F)C(F)(F)F)C=C1,7.56
CC(=C)C(=O)OCC(F)(F)C(F)(F)C(F)(F)C(F)(F)F,4.49
FC(C(F)(F)F)C(F)(F)OCC=C,3.2
FC(F)(F)C(F)(F)C(F)(C(F)(F)F)C(F)(F)F,4.35
[I-].C[N+](C)(C)CCCNS(=O)(=O)C1=CC=C(OC(F)=C(F)C(F)(F)C(F)(F)C(F)(F)C(F)(F)C(F)(F)C(F)(F)C(F)(F)F)C=C1,5.74
[I-].C[N+](C)(C)CCCNC(=O)C1=CC=C(OC(F)(F)C(F)(F)C(F)(F)C(F)(F)C(F)(F)C(F)(F)C(F)(F)C(F)(F)C(F)(F)F)C=C1,7.12
FC(OC1=CC=C(C=C1)S(Cl)(=O)=O)=C(F)C(F)(F)C(F)(F)C(F)(F)C(F)(F)F,6.62
[Na+].[O-]S(=O)(=O)C1=CC=C(OC(F)=C(F)C(F)(F)C(F)(F)C(F)(F)C(F)(F)F)C=C1,2.51
FC(OC1=CC=C(C=C1)S(Cl)(=O)=O)=C(F)C(F)(F)C(F)(F)C(F)(F)C(F)(F)C(F)(F)C(F)(F)C(F)(F)F,8.63
[Na+].[O-]S(=O)(=O)C1=CC=C(OC(F)(F)C(F)(F)C(F)(F)C(F)(F)C(F)(F)C(F)(F)C(F)(F)C(F)(F)C(F)(F)F)C=C1,5.53
[Na+].[O-]S(=O)(=O)C(CC(=O)OCC(F)(F)C(F)(F)C(F)(F)C(F)(F)C(F)(F)C(F)F)C(=O)OCC(F)(F)C(F)(F)C(F)(F)C(F)(F)C(F)(F)C(F)F,7.25
FC(F)(F)C(F)(F)OC(F)(F)C(F)(F)C(F)(F)F,4.6
FC(F)(F)C(F)(F)C(F)(F)C(F)(F)C(F)(F)C(F)(F)C(F)(F)C(F)(F)S(=O)(=O)NCCOC(=O)C=C,6.65
NCC1=CC=C(CCC(F)(F)C(F)(F)C(F)(F)C(F)(F)C(F)(F)C(F)(F)C(F)(F)C(F)(F)F)C=C1,8
FC(F)=C(F)OC1(F)OC(F)(C(F)(F)F)C(F)(F)OC1(F)C(F)(F)F,3.54
FC(F)(F)C(F)(OC1(F)OC(F)(C(F)(F)F)C(F)(F)OC1(F)C(F)(F)F)C(=O)C(F)(OC1(F)OC(F)(C(F)(F)F)C(F)(F)OC1(F)C(F)(F)F)C(F)(F)F,10.1
FC(F)(F)C(F)(OC1(F)OC(F)(C(F)(F)F)C(F)(F)OC1(F)C(F)(F)F)C(F)(OC1(F)OC(F)(C(F)(F)F)C(F)(F)OC1(F)C(F)(F)F)C(F)(F)F,10.26
[Na+].[O-]S(=O)(=O)OC(COCC(F)(F)C(F)(F)C(F)(F)C(F)(F)C(F)(F)C(F)F)COCC(F)(F)C(F)(F)C(F)(F)C(F)(F)C(F)(F)C(F)F,4.28
CC(=C)C(=O)OCCC(F)(F)C(F)(F)C(F)(F)C(F)(F)C(C)(F)F,6.2
FC(F)(F)C(F)(F)C(F)(F)C(F)(F)C(F)(F)C(F)(F)C#N,3.91
FC(F)(F)C(C(F)(F)F)(C(F)(F)F)C(F)(F)C(C(F)(F)F)(C(F)(F)F)C(F)(F)F,7.51
OP(=O)(C(F)(F)C(F)(F)C(F)(F)C(F)(F)C(F)(F)C(F)(F)C(F)(F)C(F)(F)C(F)(F)C(F)(F)C(F)(F)C(F)(F)F)C(F)(F)C(F)(F)C(F)(F)C(F)(F)C(F)(F)C(F)(F)C(F)(F)C(F)(F)C(F)(F)C(F)(F)C(F)(F)C(F)(F)F,14.99
OC(COP(O)(=O)OCC(O)CC(F)(F)C(F)(F)C(F)(F)C(F)(F)C(F)(F)C(F)(F)C(F)(C(F)(F)F)C(F)(F)F)CC(F)(F)C(F)(F)C(F)(F)C(F)(F)C(F)(F)C(F)(F)C(F)(C(F)(F)F)C(F)(F)F,12.12
[Na+].[O-]S(=O)(=O)C(CC(=O)OCC(F)(F)C(F)(F)C(F)(F)C(F)(F)C(F)(F)C(F)(F)C(F)(F)C(F)F)C(=O)OCC(F)(F)C(F)(F)C(F)(F)C(F)(F)C(F)(F)C(F)(F)C(F)(F)C(F)F,9.93
OP(O)(=O)CC1=CC=C(OC(F)=C(F)C(F)(F)C(F)(F)C(F)(F)C(F)(F)C(F)(F)C(F)(F)C(F)(F)F)C=C1,6.15
COC(=O)C(F)(F)C(F)(F)OC(F)(C(F)(F)F)C(F)(F)OC(F)=C(F)F,4.17
FC(F)(F)C(F)(F)C(F)(F)C(F)(F)C(F)(F)C(F)(F)C(F)(F)C(F)(F)CC(Cl)=O,5.42
FC(F)(F)C(F)(F)C(F)(F)C(F)(F)CC(Cl)=O,2.74
FC(F)(F)C(F)(F)C(F)(F)C(F)(F)C(F)(F)C(F)(F)CCCl,6.13
FC(F)(F)OC(F)(F)C(F)(F)OC(F)(F)C(F)(F)OC(F)(F)C(F)(F)OC(F)(F)F,7.33
FC(F)(F)C(F)(F)C(F)(F)C(F)(F)C1(F)C(F)(F)OC(F)(F)C1(F)F,6.5
FC(F)(F)C(F)(F)C(F)(F)C(F)(F)C(F)(F)C(F)(F)C(F)(F)C#N,4.58
FC(F)(Cl)C(F)(F)C(F)(F)C(F)(F)C(F)(F)C(F)(F)C(F)(F)C(F)(F)Cl,6.8
FC(F)(F)C(F)(F)S(Cl)(=O)=O,4.13
OS(=O)(=O)C1=CC=C(OC(F)(F)C(F)(F)C(F)(F)C(F)(F)C(F)(F)C(F)(F)C(F)(F)C(F)(F)C(F)=C(F)F)C=C1,5.8
OC(C1=CC=CC=C1)(C1=CC=CC=C1)C1=CC=C(CCC(F)(F)C(F)(F)C(F)(F)C(F)(F)C(F)(F)C(F)(F)C(F)(F)C(F)(F)F)C=C1,11.31
CC(=C)C(=O)OCCC(F)(F)C(F)(F)C(F)(C(F)(F)F)C(F)(F)F,5.83
FC(=O)C1(F)C(F)(F)C(F)(F)C(F)(F)C(F)(F)C1(F)F,2.17
FC(F)(I)C(F)(F)OC(F)(F)C(F)(F)S(F)(=O)=O,6.41
FC(F)(F)C(F)(Cl)C(F)(F)Cl,3.75
FC(F)(Cl)C(F)(F)C(F)(F)Cl,3.45
NC(=O)C(F)(F)C(F)(F)C(F)(F)F,1.53
CCOC(=O)CC(=O)C(F)(F)C(F)(F)F,1.18
FC(F)(F)C(F)(F)C(F)(F)C(Cl)(C(F)(F)F)C(F)(F)F,5.33
FC(F)C(F)(F)C(F)(F)OC(F)(F)F,3.03
FC(F)(F)C(F)(I)C(F)(F)F,3.94
CC(=O)C(F)(F)C(F)(F)C(F)(F)C(F)(F)F,2.48
OC(=O)C(F)(F)C(F)(F)C(F)(F)C(F)(F)C(F)(F)C(F)(F)C(O)=O,2.87
FC(F)(C=C)C(F)(F)C(F)(F)C(F)(F)C=C,5.3
FC(F)(C(Cl)=O)C(F)(F)C(F)(F)C(Cl)=O,0.33
FC(F)(COC(=O)C=C)C(F)(F)C(F)(F)COC(=O)C=C,3.72
OCCCC(F)(F)C(F)(F)C(F)(F)F,2.89
FC(F)C(F)(F)CI,2.86
FC(F)(F)C(F)(F)OC(F)(F)C(F)(F)S(F)(=O)=O,5.6
COC(=O)C(F)(C(F)(F)F)C(F)(F)F,2.02
FC(F)(F)C(F)(F)C(F)(F)C(F)(I)C(F)(F)F,5.57
[H]N(C(=O)OCCN(CC)S(=O)(=O)C(F)(F)C(F)(F)C(F)(F)C(F)(F)C(F)(F)C(F)(F)C(F)(F)C(F)(F)F)C1=CC(N([H])C(=O)OC(C)COC(=O)C(C)=C)=C(C)C=C1,9.49
[H]N(C(=O)OCCN(CC)S(=O)(=O)C(F)(F)C(F)(F)C(F)(F)C(F)(F)C(F)(F)C(F)(F)C(F)(F)F)C1=CC(N([H])C(=O)OC(C)COC(=O)C(C)=C)=C(C)C=C1,8.82
[H]N(C(=O)OCCN(CC)S(=O)(=O)C(F)(F)C(F)(F)C(F)(F)C(F)(F)C(F)(F)C(F)(F)F)C1=CC(N([H])C(=O)OC(C)COC(=O)C(C)=C)=C(C)C=C1,8.15
[H]N(C(=O)OCCN(CC)S(=O)(=O)C(F)(F)C(F)(F)C(F)(F)C(F)(F)C(F)(F)F)C1=CC(N([H])C(=O)OC(C)COC(=O)C(C)=C)=C(C)C=C1,7.48
[H]N(C(=O)OCCN(CC)S(=O)(=O)C(F)(F)C(F)(F)C(F)(F)C(F)(F)F)C1=CC(N([H])C(=O)OC(C)COC(=O)C(C)=C)=C(C)C=C1,6.81
FC(F)(F)C(F)(F)C(=O)C(F)(F)C(F)(F)F,2.53
FC(F)=C(F)C(F)=C(F)F,2.09
C1CCOC1.OC(C(F)(C(F)(F)F)C(F)(F)F)C(F)(C(F)(F)F)C(F)(F)F,3.56
FC(F)=CC(F)(F)F,2.07
OC(=O)C(F)(F)C(F)(F)OC(F)(C(F)(F)F)C(F)(F)OC(F)=C(F)F,3.89
FC1=C(F)C(F)(F)C1(F)F,3.04
FC1(F)OS(=O)(=O)C1(F)F,2.21
FC(F)=C(F)OC(F)(F)C(F)(OC(F)(F)C(F)(F)C#N)C(F)(F)F,3.66
FC1(F)C(=O)OC(=O)C1(F)F,1.76
FC(F)=C(F)OC(F)(F)OC(F)(F)F,2.73
FC(F)(F)C(F)(F)C(=O)N1C=CN=C1,1.12
CCOP(CC)OCC.FC(F)(F)C(F)(F)C(F)(F)I,1.44
CC1CN1C(=O)NC1=C(C)C=CC(NC(=O)OC(CSCCC(F)(F)C(F)(F)C(F)(F)C(F)(F)C(F)(F)C(F)(F)C(F)(F)C(F)(F)C(F)(C(F)(F)F)C(F)(F)F)CSCCC(F)(F)C(F)(F)C(F)(F)C(F)(F)C(F)(F)C(F)(F)C(F)(F)C(F)(F)C(F)(C(F)(F)F)C(F)(F)F)=C1,19.67
CC1CN1C(=O)NC1=CC(NC(=O)OC(CSCCC(F)(F)C(F)(F)C(F)(F)C(F)(F)C(F)(C(F)(F)F)C(F)(F)F)CSCCC(F)(F)C(F)(F)C(F)(F)C(F)(F)C(F)(C(F)(F)F)C(F)(F)F)=CC=C1C,14.32
FC(=C(F)C(F)(F)C(F)(F)F)C(F)(F)F,4
FC(F)(F)C(=O)C(F)(F)C(F)(C(F)(F)F)C(F)(F)F,2.79
FC(F)(F)C1(F)OC(F)(F)C(F)(OC1=O)C(F)(F)F,1.64
FC(F)(OCC=C)C(F)(F)S(F)(=O)=O,4.51
FC(F)(Cl)C(F)(F)C(F)(F)C(F)(F)C(F)(F)C(F)(F)C(F)(F)C(F)(F)OC(F)(F)C(F)(F)S(F)(=O)=O,9.92
[K+].[O-]S(=O)(=O)C(F)(F)C(F)(F)OC(F)(F)C(F)(F)C(F)(F)C(F)(F)C(F)(F)C(F)(F)Cl,5.24
FC(F)C(F)(F)COC(=O)C=C,1.99
CN(C(=O)C(F)(F)C(F)(F)C(F)(F)F)C(=O)C(F)(F)C(F)(F)C(F)(F)F,4.37
FC(F)(F)C(F)(CC1CO1)C(F)(F)F,2.51
[Na+].CCN(CCCS([O-])(=O)=O)S(=O)(=O)C(F)(F)C(F)(F)C(F)(F)C(F)(F)C(F)(F)C(F)(F)C(F)(F)C(F)(F)F,4.74
FC(F)(F)C(F)(F)C(F)(F)I,3.64
CC(=O)C(F)(F)C(F)(F)C(F)(F)C(F)(F)C(F)(F)C(F)(F)C(F)(F)F,4.49
OC(=O)C(F)(Cl)C(F)(F)C(F)(Cl)C(F)(F)C(F)(Cl)C(F)(F)C(F)(Cl)C(F)(F)Cl,8.83
OCC(F)(F)C(F)(F)C(F)(F)C(F)(F)C(F)(F)C(F)(F)C(F)(F)C(F)(F)CO,4.75
FC(F)=C(F)C(F)(F)C(F)(F)C(F)(F)C(F)(F)F,4.43
OCCC(F)(F)C(F)(F)C(F)(F)F,2.4
OC(=O)C(F)(F)C(F)F,0.86
OCC(F)(OC(F)(F)C(F)(F)C(F)(F)C(F)(F)C(F)(F)F)C(F)(F)F,4.47
FC(F)(F)COS(=O)(=O)C(F)(F)C(F)(F)C(F)(F)C(F)(F)F,4.45
OC(=O)C(F)(F)C(F)(F)C(F)(F)OC(F)(C(F)(F)F)C(F)(F)F,4.33
FC(F)(F)C(F)(F)C(F)(F)C1(F)C(F)(F)OC(F)(F)C(F)(F)C1(F)F,6.27
OC(=O)C(F)(F)OC(F)(F)C(F)(F)OC(F)(F)C(F)(F)F,4.05
OP(O)(=O)CCC(F)(F)C(F)(F)C(F)(F)C(F)(F)C(F)(F)C(F)(F)C(F)(F)C(F)(F)F,5.38
[Na+].[H]N(CCCN(C)CCCS([O-])(=O)=O)S(=O)(=O)C(F)(F)C(F)(F)C(F)(F)C(F)(F)C(F)(F)C(F)(F)F,2.89
OCCCC(F)(F)C(F)(F)C(F)(F)C(F)(F)C(F)(F)C(F)(F)F,4.9
FC(=O)C(F)(OC(F)(F)C(F)(F)S(F)(=O)=O)C(F)(F)Cl,3.8
FC(F)(F)C(F)(C(=O)C(F)(C(F)(F)F)C(F)(F)F)C(F)(F)F,3.05
FC(F)(F)C(F)(F)C(F)(F)C(=O)C(F)(C(F)(F)F)C(F)(F)F,3.46
[Na+].[O-]S(=O)(=O)SCCNC(=O)OCCC(F)(F)C(F)(F)C(F)(F)C(F)(F)C(F)(F)C(F)(F)F,3.67
OCCCC(F)(F)C(F)(F)C(F)(F)C(F)(F)F,3.56
COC(=O)C(CC=C)(C(F)(F)F)C(F)(F)C(F)(F)C(F)(F)F,5.05
FC(F)(F)C(F)(F)OC1(F)OC(F)(C(F)(F)F)C(F)(F)OC1(F)C(F)(F)F,5.09
FC(=C(CC=C)C(F)(F)F)C(F)(F)C(F)(F)F,5.34
FC(F)(F)C(F)(F)C(F)(F)C(F)(F)C(F)(F)C=C,5.07
FC1(F)C(F)(F)S(=O)(=O)NS(=O)(=O)C1(F)F,2.51
FC(F)(F)C(F)(C(F)(F)F)C(F)(F)C(F)(C(F)(F)F)C(F)(F)C(F)(C(F)(F)F)C(F)(F)F,7.77
FC(F)(F)C(C(F)(F)F)(C(F)(F)F)C1(F)C(F)(F)C(F)(F)C(F)(F)C(F)(F)C1(F)F,6.89
FC(F)(F)C(F)(F)C(F)(F)C(F)(F)C(F)(F)C(F)(F)C(F)(F)C(F)(F)CCCN1C(=O)C=CC1=O,6.96
FC(F)(F)C(F)(F)C(F)(F)C(F)(F)C(F)(F)C(F)(F)CCCN1C(=O)C=CC1=O,5.62
FC(F)(F)C(F)(F)C(F)(F)C(F)(F)C(F)(F)C(F)(F)C(F)(F)C(F)(F)CCC(=O)ON1C(=O)CCC1=O,4.24
FC(F)(F)C(F)(F)C(F)(F)C(F)(F)C(F)(F)C(F)(F)C(F)(F)C(F)(F)CCCNC(=O)CI,7.26
FC(F)(F)C(F)(F)C(F)(F)C(F)(F)C(F)(F)C(F)(F)CCCNC(=O)CI,5.92
FC(F)(F)C(F)(F)C(F)(F)C(F)(F)C(F)(F)C(F)(F)CCCN=[N+]=[N-],7.24
FC(F)(F)C(F)(F)C(F)(F)C(F)(F)C(F)(F)C(F)(F)C(F)(F)C(F)(F)CCCN=[N+]=[N-],8.58
[Na+].[O-]S(=O)(=O)C1=CC=C(OC(F)(C(=C(F)C(F)(C(F)(F)F)C(F)(F)F)C(F)(F)F)C(F)(F)C(F)(F)F)C=C1,5.24
[Na+].[O-]S(=O)(=O)C1=CC=C(OC(=C(C(F)(F)F)C(F)(F)F)C(F)(F)C(F)(F)F)C=C1,2.99
FC(F)C(F)(F)OCC1CO1,0.93
CCOCCOC(F)(F)C(F)F,1.61
[Na+].CN(CCCNS(=O)(=O)C(F)(F)C(F)(F)C(F)(F)C(F)(F)C(F)(F)C(F)(F)C(F)(F)C(F)(F)F)CCCS([O-])(=O)=O,4.22
[K+].CCCN(CC([O-])=O)S(=O)(=O)C(F)(F)C(F)(F)C(F)(F)C(F)(F)C(F)(F)C(F)(F)F,5.38
FC(C(F)C(F)(C(F)(F)F)C(F)(F)F)C(F)(F)F,4.1
FC(F)(F)C(F)(Cl)C(F)(Cl)C(F)(C(F)(F)F)C(F)(F)F,5.94
FC(F)(F)C(F)(OC(F)(Cl)C(F)(F)Cl)C(F)(F)F,4.42
FC(F)=C(F)OC(F)(F)C(F)(F)Br,2.78
FC(F)(F)C(F)(F)C1=NC(=NC(=N1)C(F)(F)C(F)(F)F)C(F)(F)C(F)(F)F,5.59
NCCCNC(=O)C(F)(F)C(F)(F)C(F)(F)C(F)(F)C(F)(F)C(F)(F)C(F)(F)F,4.18
OC(=O)C=CC(=O)OCCC(F)(F)C(F)(F)C(F)(F)C(F)(F)C(F)(F)C(F)(F)C(F)(F)C(F)(F)F,7.31
OC(=O)C(F)(F)C(F)(F)C(F)(F)OC(F)(F)F,2.95
OC(=O)C(F)(F)C(F)(F)C(F)(F)OC(F)(Cl)C(F)(F)Cl,3.99
FC(F)(F)C(F)(F)C(F)(C(F)(F)F)C(F)(F)C(F)(F)F,5.31
COC1=CC=C(C=C1)C(Cl)(C1=CC=C(CCC(F)(F)C(F)(F)C(F)(F)C(F)(F)C(F)(F)C(F)(F)C(F)(F)C(F)(F)F)C=C1)C1=CC=C(OC)C=C1,12.67
COC1=CC=C(C=C1)C(Cl)(C1=CC=CC=C1)C1=CC=C(CCC(F)(F)C(F)(F)C(F)(F)C(F)(F)C(F)(F)C(F)(F)C(F)(F)C(F)(F)F)C=C1,12.59
OC(=O)C(F)(F)C(F)(F)C(F)(F)C(F)(F)C(F)(F)C(F)(F)C(F)(F)C(F)(F)Cl,5.8
OC(=O)C(F)(F)C(F)(F)C(F)(F)C(F)(F)C(F)(F)C(F)(F)C(F)(F)C(F)(F)C(F)(F)C(F)(F)C(O)=O,5.55
FC(F)(F)C(F)(F)C(F)(F)C(C(F)(F)F)(C(F)(F)F)C(F)(C(F)(F)F)C(F)(F)F,7.21
CC(=C)C(=O)OCC(O)CC(F)(F)C(F)(F)C(F)(F)C(F)(F)C(F)(F)C(F)(F)F,5.27
FC(F)(F)OC(F)(F)C(F)(Br)C(F)(F)Br,4.74
CC(=C)C(=O)OCC(O)CC(F)(F)C(F)(F)C(F)(F)C(F)(F)C(F)(F)C(F)(F)C(F)(C(F)(F)F)C(F)(F)F,7.46
CC(=C)C(=O)OC(F)(F)C(F)(F)C(F)(F)C(F)(F)C(F)(F)F,5.21
OCC1=CC=C(OCCCC(F)(F)C(F)(F)C(F)(F)C(F)(F)F)C=C1,5.35
OCC1=CC=C(CCC(F)(F)C(F)(F)C(F)(F)C(F)(F)F)C=C1,5.32
FC(F)(F)C(F)(F)C(F)(F)C(F)(F)C(F)(F)C(F)(F)C(F)(F)C(F)(F)CCC(Cl)=O,5.91
FC(F)(F)C(F)(F)C(F)(F)C(F)(F)C(F)(F)C(F)(F)CCCI,7.12
FC(F)(F)C(F)(F)C(F)(F)C(F)(F)C(F)(F)C(F)(F)SCl,6.72
OCC(F)(F)C(F)(F)C(F)(F)C(F)(F)C(F)(F)C(F)(F)CO,3.41
FC(F)(F)C(F)(F)C(F)(F)C1=NC(=NC(=N1)C(F)(F)C(F)(F)C(F)(F)F)C(F)(F)C(F)(F)C(F)(F)F,7.59
FC(F)(F)C(F)(F)C(F)(F)C(F)(F)C(F)(F)C(F)(F)CCCOC1=NC(OCCCC(F)(F)C(F)(F)C(F)(F)C(F)(F)C(F)(F)C(F)(F)F)=NC(Cl)=N1,13.46
FC(F)(Br)C(F)(F)C(F)(F)C(F)(F)C(F)(F)C(F)(F)Br,5.64
[I-].C[N+](C)(C)CC(O)CC(F)(F)C(F)(F)C(F)(F)C(F)(F)C(F)(F)C(F)(F)C(F)(F)C(F)(F)F,3.15
FC(F)(F)C(F)(F)C(F)(F)C(F)(F)C(F)(F)C(F)(F)CCC(=O)N1C(=O)CCC1=O,3.88
FC(F)(F)C(F)(F)C(F)(F)C(F)(F)C(F)(F)C(F)(F)CCC1=CC2=C(C=C1)C1=C(C=C(CCC(F)(F)C(F)(F)C(F)(F)C(F)(F)C(F)(F)C(F)(F)F)C=C1)C2COC(Cl)=O,14.63
OS(=O)(=O)C(F)(F)C(F)(C(F)(F)F)C(F)(F)F,1.71
CN(CCO)S(=O)(=O)C(F)(F)C(F)(C(F)(F)F)C(F)(F)F,2.72
OCCN(CCO)S(=O)(=O)C(F)(F)C(F)(C(F)(F)F)C(F)(F)F,2.15
CC(COCC(O)CC(F)(F)C(F)(F)C(F)(F)C(F)(F)C(F)(F)C(F)(F)C(F)(F)C(F)(F)C(F)(F)C(F)(F)C(F)(F)C(F)(F)F)OC(C)COCC(O)CC(F)(F)C(F)(F)C(F)(F)C(F)(F)C(F)(F)C(F)(F)C(F)(F)C(F)(F)C(F)(F)C(F)(F)C(F)(F)C(F)(F)F,16.78
CC(COCC(O)CC(F)(F)C(F)(F)C(F)(F)C(F)(F)C(F)(F)C(F)(F)C(F)(F)C(F)(F)F)OC(C)COCC(O)CC(F)(F)C(F)(F)C(F)(F)C(F)(F)C(F)(F)C(F)(F)C(F)(F)C(F)(F)F,11.42
CC(COCC(O)CC(F)(F)C(F)(F)C(F)(F)C(F)(F)C(F)(F)C(F)(F)C(F)(F)C(F)(F)C(F)(F)C(F)(F)C(F)(C(F)(F)F)C(F)(F)F)OC(C)COCC(O)CC(F)(F)C(F)(F)C(F)(F)C(F)(F)C(F)(F)C(F)(F)C(F)(F)C(F)(F)C(F)(F)C(F)(F)C(F)(C(F)(F)F)C(F)(F)F,18.49
COCCOCCOCCOCCOCCOCCOCCOCCOCCOCC(O)CC(F)(F)C(F)(F)C(F)(F)C(F)(F)C(F)(F)C(F)(F)C(F)(F)C(F)(F)F,2.93
[H]N(CCC[N+]([H])(CC)CCC([O-])=O)CC(O)CC(F)(F)C(F)(F)C(F)(F)C(F)(F)C(F)(F)C(F)(F)C(F)(F)C(F)(F)C(F)(F)C(F)(F)C(F)(F)C(F)(F)F,5.06
C[N+](C)(CCCNCC(O)CC(F)(F)C(F)(F)C(F)(F)C(F)(F)C(F)(F)C(F)(F)C(F)(F)C(F)(F)F)CCC([O-])=O,0.92
[I-].C[N+](CCO)(CCO)CC(O)CC(F)(F)C(F)(F)C(F)(F)C(F)(F)C(F)(F)C(F)(F)C(F)(F)C(F)(F)C(F)(F)C(F)(F)C(F)(F)C(F)(F)F,4.29
[I-].C[N+](CCO)(CCO)CC(O)CC(F)(F)C(F)(F)C(F)(F)C(F)(F)C(F)(F)C(F)(F)C(F)(F)C(F)(F)C(F)(F)C(F)(F)F,2.95
[I-].C[N+](CCO)(CCO)CC(O)CC(F)(F)C(F)(F)C(F)(F)C(F)(F)C(F)(F)C(F)(F)C(F)(F)C(F)(F)F,1.61
[I-].CC[N+](C)(CC)CCCNS(=O)(=O)C(F)(F)C(F)(F)C(F)(F)C(F)(F)C(F)(F)C(F)(F)C(F)(F)C(F)(F)F,6.47
OCCN(CCO)S(=O)(=O)C1=CC=C(OC(=C(C(F)(F)F)C(C(F)(F)F)(C(F)(F)C(F)(F)F)C(F)(F)C(F)(F)F)C(F)(F)F)C=C1,6.82
FC(F)(F)C(=O)C(F)(C(F)(F)F)C(F)(F)C(F)(F)F,2.79
FC(F)(F)C(F)(C(F)(F)F)C(F)(F)S(=O)(=O)OS(=O)(=O)C(F)(F)C(F)(C(F)(F)F)C(F)(F)F,8.05
CC[N+](CC)(CC)CC.[O-]S(=O)(=O)C(F)(F)C(F)(F)C(F)(F)C(F)(F)C(F)(F)C(F)(C(F)(F)F)C(F)(F)F,-0.22
[I-].CC[N+](C)(CC)CCCNS(=O)(=O)C(F)(F)C(F)(F)C(F)(F)C(F)(F)C(F)(F)C(F)(C(F)(F)F)C(F)(F)F,6.65
CCCCCCCCC=CCCCCCCCCOC(=O)NC1=CC(NC(=O)OCCN(C)S(=O)(=O)C(F)(F)C(F)(F)C(F)(F)C(F)(F)C(F)(F)C(F)(C(F)(F)F)C(F)(F)F)=CC=C1C,15.96
FC(F)(F)C(F)(F)C(F)(F)C(F)(F)C(F)(F)C(F)(F)SSC(F)(F)C(F)(F)C(F)(F)C(F)(F)C(F)(F)C(F)(F)F,11.09
[Na+].[O-]S(=O)(=O)C1=CC=C(OC(F)(C(=C(C(F)(F)F)C(F)(F)C(F)(F)F)C(F)(F)F)C(F)(F)F)C=C1,4.92
[Na+].[O-]S(=O)(=O)C1=CC=C(OC(F)=C(C(F)(C(F)(F)F)C(F)(F)C(F)(F)F)C(C(F)(F)F)(C(F)(F)C(F)(F)F)C(F)(F)C(F)(F)F)C=C1,7.44
[I-].[H]N(CCC[N+](C)(C)C)S(=O)(=O)CCC(F)(F)C(F)(F)C(F)(F)C(F)(F)C(F)(F)C(F)(F)F,3.65
CCCCOCCOCCOCC(O)CC(F)(F)C(F)(F)C(F)(F)C(F)(F)C(F)(F)C(F)(F)C(F)(F)C(F)(F)F,6.32
FC(F)(F)C(F)(F)C(F)(F)C(F)(F)C(F)(F)C(F)(F)C(F)(F)C(F)(F)C(F)(F)C(F)(F)C(F)(F)C(F)(F)CC1CO1,8.94
FC(F)(F)C(F)(F)C(F)(F)C(F)(F)C(F)(F)C(F)(F)C(F)(F)C(F)(F)C(F)(F)C(F)(F)C(F)(F)C(F)(F)C(F)(F)C(F)(F)CC1CO1,10.27
FC(F)(F)C(F)(F)C(F)(F)C(F)(F)C(F)(F)C(F)(F)C(F)(F)C(F)(F)C(F)(F)C(F)(F)C(F)(F)C(F)(F)C(F)(F)C(F)(F)C(F)(F)C(F)(F)CC1CO1,11.61
OC(COP(O)(O)=O)CC(F)(F)C(F)(F)C(F)(F)C(F)(F)C(F)(F)C(F)(F)C(F)(F)C(F)(F)F,4.62
[I-].C[N+](CCO)(CCO)CC(O)CC(F)(F)C(F)(F)C(F)(F)C(F)(F)C(F)(F)C(F)(F)C(F)(F)C(F)(F)C(F)(F)C(F)(F)C(F)(C(F)(F)F)C(F)(F)F,5.14
[I-].C[N+](CCO)(CCO)CC(O)CC(F)(F)C(F)(F)C(F)(F)C(F)(F)C(F)(F)C(F)(F)C(F)(F)C(F)(F)C(F)(C(F)(F)F)C(F)(F)F,3.8
[I-].C[N+](CCO)(CCO)CC(O)CC(F)(F)C(F)(F)C(F)(F)C(F)(F)C(F)(F)C(F)(F)C(F)(C(F)(F)F)C(F)(F)F,2.46
CN(C)CCCNCC(O)CC(F)(F)C(F)(F)C(F)(F)C(F)(F)C(F)(F)C(F)(F)C(F)(F)C(F)(F)F,5.35
OCC(O)CC(F)(F)C(F)(F)C(F)(F)C(F)(F)C(F)(F)C(F)(F)C(F)(F)C(F)(F)F,5.11
OC(CN1CC1)CC(F)(F)C(F)(F)C(F)(F)C(F)(F)C(F)(F)C(F)(F)C(F)(F)C(F)(F)F,5.26
OC(COC=C)CC(F)(F)C(F)(F)C(F)(F)C(F)(F)C(F)(F)C(F)(F)C(F)(F)C(F)(F)F,5.75
[K+].CN(CC(O)CC(F)(F)C(F)(F)C(F)(F)C(F)(F)C(F)(F)C(F)(F)C(F)(F)C(F)(F)F)CC([O-])=O,3.6
CC1(C)OCC(CC(F)(F)C(F)(F)C(F)(F)C(F)(F)C(F)(F)C(F)(F)C(F)(F)C(F)(F)F)O1,7.57
OC(COC1=CC=CC=C1)CC(F)(F)C(F)(F)C(F)(F)C(F)(F)C(F)(F)C(F)(F)C(F)(F)C(F)(F)F,7.41
FC(F)(F)C(F)(F)C(F)(F)C(F)(F)C(F)(F)C(F)(F)C(F)(F)C(F)(F)C(F)(F)C(F)(F)COC(=O)C=C,7.95
CCCCCCCCC=C/CCCCCCCCOC(=O)NC1=CC(NC(=O)OCCN(C)S(=O)(=O)C(F)(F)C(F)(F)C(F)(F)C(F)(F)C(F)(F)C(F)(F)C(F)(F)C(F)(F)F)=CC=C1C,15.78
FC(F)(F)C(=C1C(F)(OCCOC1(C(F)(F)F)C(F)(F)F)C(F)(F)F)C(F)(F)F,5.52
OC(=O)C(F)(F)C(F)(F)N1C(F)(F)C(F)(F)N(C(F)(F)C(F)(F)C(O)=O)C(F)(F)C1(F)F,-0.87
FC1(F)OC(F)(F)C(F)(F)OC(F)(F)C(F)(F)OC(F)(F)C(F)(F)OC(F)(F)C(F)(F)OC1(F)F,9.11
C[C@]12CC[C@H]3[C@H]([C@@H]1CC[C@@H]2O)[C@H](CCCCCCCCCS(=O)(=O)CCCC(F)(F)C(F)(F)F)CC1=C3C=CC(O)=C1,9.21
OC(COC(=O)C=C)CC(F)(F)C(F)(F)C(F)(F)C(F)(F)F,3.38
FC(F)(F)C(F)(CCI)C(F)(F)F,4.22
FC(F)(F)C(F)(F)C(F)(F)C(=O)OC(=O)C(F)(F)C(F)(F)C(F)(F)F,3.52
OCCCC(F)(F)C(F)(F)F,2.22
FC(F)(F)C(F)(Cl)C(F)(Cl)C(F)(F)F,4.71
FC(F)(F)C(F)(F)C(=O)OC(=O)C(F)(F)C(F)(F)F,2.19
FC(F)(F)C(F)(F)C1(F)OC(F)(F)C(F)(F)C1(F)F,4.79
OCC(F)(F)C(F)C(F)(F)F,1.6
FC(F)C(F)(F)C(F)(F)C(F)(F)C(F)(F)C(F)(F)C(F)(F)F,4.89
FC(F)(F)C(F)(F)C(F)(F)C(F)(F)C(=O)OCC=C,3.94
FC(F)(F)C(F)(F)C(F)(F)C(O)OCC,1.56
FC(F)(F)C(F)(F)C(F)(F)C=C,3.73
O=C(O)C(F)(F)C(F)(F)OC(F)(F)C(F)(F)C(F)(F)F,3.91
FC(Br)(Br)Br,2.4
FC(F)C(F)(F)C(F)(F)C(F)(F)[Si](Cl)(Cl)Cl,4.12
O=C(F)C(F)(F)C(F)(F)C(F)(F)C(=O)F,-0.29
O=C(C(F)(F)F)C(F)(F)F,0.6
FC(F)(F)C(F)(F)C(F)(F)Cl,3.14
O=C(F)C1(OC(=O)C(F)(O1)C(F)(F)F)C(F)(F)F,0.47
FC(F)=C(F)Br,1.55
FC(F)(F)C(F)(F)C(F)(F)OC=C,3.02
FC=C(F)C(F)(F)F,2.07
FC(F)C(F)(F)OCC=C,2.24
FC(F)=C(F)OC(F)(F)C(F)(F)I,3.2
FC(F)(COCC1OC1)C(F)(F)C(F)(F)COCC2OC2,1.47
O=C(F)C1(OC(F)(F)C(F)(O1)C(F)(F)F)C(F)(F)F,1.34
FC(F)(F)C(F)(OCCC[SiH2]C(Cl)Cl)C(F)(F)F,4.62
FC(F)(Cl)C(F)(F)C(F)(Cl)Cl,4.06
FC(F)(F)C(F)(OCCC[Si](Cl)(Cl)Cl)C(F)(F)F,4.57
FC(F)=C(F)OC(F)(F)OC(F)=C(F)F,2.15
FC(F)=C1OC(F)(F)C(F)(O1)C(F)(F)F,1.84
FC(F)=C(F)OC(F)(F)C(F)=C(F)F,2.35
O=S(=O)(NCCN)C(F)(F)C(F)(F)OC(F)(C(F)(F)F)C(F)(F)OC(F)=C(F)F,3.69
O=S(=O)(N(CC)CCC[Si](Cl)(Cl)Cl)C(F)(F)C(F)(F)C(F)(F)C(F)(F)C(F)(F)C(F)(F)C(F)(F)F,8.46
FC(F)(F)C(F)(F)C(F)(F)C(F)(F)C(F)(F)C(F)(F)CC[Si](OCC)(OCC)OCC,5.84
[K+].O=S(=O)([O-])C1(F)C(F)(F)C(F)(F)C(F)(F)C(F)(F)C1(F)C(F)(F)C(F)(F)F,3.36
O=C(OC)C(F)(F)C(F)(F)C(F)(F)OC(F)(C(F)(F)F)C(F)(F)OC(F)=C(F)F,4.84
FC(F)(F)C(F)(F)C(F)(F)C(F)(F)CC[SiH2]C(Cl)Cl,5.76
O=C(CC(=O)C(F)(F)C(F)(F)C(F)(F)F)C(C)C,3.01
FC(F)(F)C(F)(F)C(F)(F)C(F)(F)C(F)(F)C(F)(F)CC[Si](Cl)(Cl)Cl,7.05
FC(F)=C(F)OC(F)(F)C(F)(F)C(F)F,2.44
O=S(=O)(NCCC[Si](OCC)(OCC)OCC)C1=CC=C(OC(=C(C(F)(F)F)C(C(F)(F)F)(C(F)(F)C(F)(F)F)C(F)(F)C(F)(F)F)C(F)(F)F)C=C1,9.1
FC(F)(F)C(F)(F)C(F)(F)C(F)(F)C(F)(F)C(F)(F)CC[SiH2]C(Cl)Cl,7.1
O=S(=O)(N(CC)CCC[Si](OC)(OC)OC)C(F)(F)C(F)(F)C(F)(F)C(F)(F)C(F)(F)C(F)(F)C(F)(F)F,5.78
FC(F)=C(F)OC(F)(F)C(F)(F)C(F)(F)Cl,3.36
O=C(OCCCCN(C)S(=O)(=O)C(F)(F)C(F)(F)C(F)(F)C(F)(F)C(F)(F)C(F)(F)C(F)(F)C(F)(F)F)NC1=CC=C(C(=C1)NC(=O)OC(C)COC(=O)C(=C)C)C,9.98
O=C(OCCCCN(C)S(=O)(=O)C(F)(F)C(F)(F)C(F)(F)C(F)(F)C(F)(F)C(F)(F)C(F)(F)F)NC1=CC=C(C(=C1)NC(=O)OC(C)COC(=O)C(=C)C)C,9.31
O=C(OCCCCN(C)S(=O)(=O)C(F)(F)C(F)(F)C(F)(F)C(F)(F)C(F)(F)C(F)(F)F)NC1=CC=C(C(=C1)NC(=O)OC(C)COC(=O)C(=C)C)C,8.64
O=C(OCCCCN(C)S(=O)(=O)C(F)(F)C(F)(F)C(F)(F)C(F)(F)C(F)(F)F)NC1=CC=C(C(=C1)NC(=O)OC(C)COC(=O)C(=C)C)C,7.97
O=C(OCCCCN(C)S(=O)(=O)C(F)(F)C(F)(F)C(F)(F)C(F)(F)F)NC1=CC=C(C(=C1)NC(=O)OC(C)COC(=O)C(=C)C)C,7.3
FC(F)(F)C(F)(F)C(F)(F)C(F)(F)C(F)(F)C(F)(F)CC[Si](OC)(OC)OC,4.37
FC(F)(F)C(F)(F)C(F)(F)C(F)(F)C(F)(F)C(F)(F)CC[Si](OC)(C)C,6.88
O=C(OCC(COC(=O)C=C)(COC(=O)C=C)COC[SiH](OCC(COC(=O)C=C)(COC(=O)C=C)COC(=O)C=C)CCC(F)(F)C(F)(F)C(F)(F)C(F)(F)C(F)(F)C(F)(F)F)C=C,8.65
O=C(OCC(COC(=O)C=C)(COC(=O)C=C)CO[Si](OCC(COC(=O)C=C)(COC(=O)C=C)COC(=O)C=C)(OCC(COC(=O)C=C)(COC(=O)C=C)COC(=O)C=C)CCC(F)(F)C(F)(F)C(F)(F)C(F)(F)C(F)(F)C(F)(F)F)C=C,8.99
FC(F)(F)C(F)(F)C(F)(F)C(F)(F)C(F)(F)C(F)(F)CC[Si](Cl)(Cl)O[Si](C)(C)C,9.81
O=C(O)C=CC(=O)NCC(O)CC(F)(F)C(F)(F)C(F)(F)C(F)(F)C(F)(F)C(F)(F)C(F)(F)C(F)(F)F,5.19
FC(F)(F)C(F)(F)C(F)(F)C(F)(F)C(F)(F)C(F)(F)CC[Si](Cl)(O[Si](C)(C)C)O[Si](C)(C)C,11.51
FC(F)(F)C(F)(F)C(F)(F)C(F)(F)C(F)(F)C(F)(F)CC[SiH2]C(OC)OC,5.56
O=C(OCC(COC(=O)C=C)(COC(=O)C=C)CO[Si](C)(C)CCC(F)(F)C(F)(F)C(F)(F)C(F)(F)C(F)(F)C(F)(F)F)C=C,8.42
